16700000;AMOSTRA CICALFATE;TRIAL
16700001;AM ELUAGE GEL;TRIAL
16700002;AM ELUAGE CONTORNO DOS OLHOS;TRIAL
16700003;AM COLD CREAM EMULSAO CORPORAL;TRIAL
16700004;TRIXERA CREME 10 ML;TRIAL
16700005;CLEANANCE SOL 5 ML;TRIAL
16700006;AV CLEANANCE EMULSAO MAT 40ML;FG
16700007;AV CLEANANCE HYDRA CREME 40ML;FG
16700008;AV AGUA TERMAL 150ML;FG
16700009;AV AGUA TERMAL  300ML;FG
16700010;AV COLD CREAM BARRA DE LIMPEZA;FG
16700011;AV KIT DUO COLD CREAM BARRA;KITS
16700012;AV AGUA TERMAL 50ML;FG
16700013;AV CLEANANCE LOÇÃO 200ML;FG
16700014;AV CICALFATE CREME 40ML;FG
16700015;AV CICALFATE 40ML;FG
16700016;AV AUTOBRONZEADOR 100ML;FG
16700017;AV COLD CREAM STICK 4G;FG
16700018;AV KIT DUO COLD CREAM STICK;KITS
16700019;AV ELUAGE GEL CONCENTRADO 15ML;FG
16700020;AVENE COMPACTO DORÉ 50 10G;FG
16700021;AVENE STICK 50+ 8G;FG
16700022;AV ELUAGE OLHOS 15ML;FG
16700023;AV HYDRANCE OPT LEG FPS20 40ML;FG
16700024;AV D-PIGMENT LEGERE 30ML;FG
16700025;AV SACHE CLEANANCE EMULSÃO 2ML;TRIAL
16700026;AV AM YSTHEAL EMULSAO 3G 3ML;TRIAL
16700027;AV AM YSTHEAL OLHOS 3G 2ML;TRIAL
16700028;AV AM ANTIROUGEURS CALM 5ML;TRIAL
16700029;AV AM CLEANANCE BARRA 25G;TRIAL
16700030;AV AM CLEANANCE EAU 20ML;TRIAL
16700031;AV AM CLEAN. SOL NF FPS30 5ML;TRIAL
16700032;AV AM SOLAR EMUL NF FPS50 5ML;TRIAL
16700033;AV AM SOLAR COLOR NF FPS50 5ML;TRIAL
16700034;AV AM CICALFATE POST- ACTE 5ML;TRIAL
16700035;AV AM COLD CREAM LOC CORP 10ML;TRIAL
16700036;AV AM XERACALM AD BAUME 5ML;TRIAL
16700037;AV AM XERACALM AD AD CREME 5ML;TRIAL
16700038;AV AM XERACALM AD AD OLEO 10ML;TRIAL
16700039;AV AM CLEANANCE MASK 10ML;TRIAL
16700040;AV AM LOCAO MICELAR NF 25ML;TRIAL
16700041;AV AM REFLEXE SOLAR FPS30;TRIAL
16700042;AV AM HYDRANCE SERUM 5ML;TRIAL
16700043;AV AM PHYSIOLIFT EMULSAO 3ML;TRIAL
16700044;AV AM PHYSIOLIFT OLHOS 2ML;TRIAL
16700045;AV AM SERENAGE OLHOS 2ML;TRIAL
16700046;AV AM CLEANANCE EXPERT 5ML;TRIAL
16700047;AV AM PHYSIOLIFT NOITE 3ML;TRIAL
16700048;AV CLEANANCE EAU MICELAR 400ML;FG
16700049;AV CLEANANCE LOCAO MAT 200ML;FG
16700050;SKIN SEC LOÇAO HIDRAT. GRANEL;SF
16700051;SKINSEC LOC SEM PERFUME GRANEL;SF
16700052;SKIN SEC SAB. LIQUIDO - GRANEL;SF
16700053;ACTINE ESFOLIANTE GRANEL;SF
16700054;SOAPELLE SAB. LIQ. 1% - GRANEL;SF
16700055;SUAVIE SAB. LIQ - GRANEL;SF
16700056;GRANEL ACTINE PROTETOR SOLAR;SF
16700057;GRANEL ACTINE SAB LIQ NF;SF
16700058;DOCTAR SHAMPOO - GRANEL NF;SF
16700059;KLINSE SHAMPOO - GRANEL;SF
16700060;KLINSE SHAMPOO NEUTRO - GRANEL;SF
16700061;DOCTAR CREME GRANEL;SF
16700062;ACTINE LOCAO ADSTRINGEN GRANEL;SF
16700063;SUNSAFE COLOR FPS60 GRANEL;SF
16700064;SUNSAFE P. SOLAR FPS 60 GRANEL;SF
16700065;SUNSAFE COLOR  PS FPS30 GRANEL;SF
16700066;SUNSAFE P. SOLAR FPS30 GRANEL;SF
16700067;GRANEL ACTINE TRAT ANTIACNE;SF
16700068;ACTINE FREE SAB LIQUIDO;SF
16700069;ACTINE SAB. LIQUIDO 60 ML;PROD
16700070;ACTINE SAB. LIQUIDO 140mL BG18;PROD
16700071;ACTINE SAB. LIQUIDO 240 ML 3 TON;PROD
16700072;KIT ACTINE 240ML + ACTINE 60ML;KITS
16700073;ACTINE ESFOLIANTE FACIAL 60G;PROD
16700074;ACTINE PROTETOR SOLAR FPS 30;PROD
16700075;ACTINE SABONETE BARRA 80G;PROD
16700076;DW KIT ACTINE SOLAR 2015 - 05;KITS
16700077;KIT ACTINE PROT SOLAR FP FCCI;KITS
16700078;SUAVIE SAB BARRA NF;PROD
16700079;DW KIT SABONETEIRA ACTINE;KITS
16700080;ACTINE LOC. ADSTRINGENTE 190ML;PROD
16700081;KIT DUO ACTINE SABONETE BARRA 80G;KITS
16700082;AV KIT CLEANANCE GEL 200+75ML;KITS
16700083;ACTINE FREE SAB LIQUIDO 140 ML;PROD
16700084;ACTINE FREE BARRA OR;PROD
16700085;ACTINE T. CUIDADO ANTIACNE 30G BG18;PROD
16700086;AV KIT SOLAR FPS30+CLEAN 60ML;KITS
16700087;DW KIT DUO ACTINE BARRA 2016;KITS
16700088;DOCTAR SHAMPOO 140ML BG18;PROD
16700089;DOCTAR CREME 100ML;PROD
16700090;AV CLEANANCE GEL 200ML NF;PROD
16700091;AV CLEANANCE GEL 60ML;PROD
16700092;AV CLEANANCE SAB BARRA 80G - 04;PROD
16700093;KLINSE SHAMPOO 140ML 3,0 TON;PROD
16700094;KLINSE SHAMPOO NEUTRO 140ML;PROD
16700095;SOAPELLE SAB BARRA NF 80G OR;PROD
16700096;SOAPELLE SAB. LIQUIDO 140ML;PROD
16700097;SKINSEC SABONETE BARRA 80G NF;PROD
16700098;SKIN SEC SAB. LIQ. 140 ML;PROD
16700099;SKIN SEC SAB. LIQ. 240 ML;PROD
16700100;SKIN SEC LOÇÃO HIDR CORP 60ML;PROD
16700101;SUAVIE SAB. LIQUIDO 140ML BG18;PROD
16700102;SUAVIE SAB. LIQUIDO 60ML;PROD
16700103;SKINSEC LOC HIDRAT S/PER 240ML;PROD
16700104;KIT SKIN SEC LOC P+SKINSEC LIQ;KITS
16700105;KIT DUO SKINSEC  BARRA 80G;KITS
16700106;DW SUNSAFE PROTETOR SOLAR FPS 30 - 50mL;PROD
16700107;DW SUNSAFE COLOR PROTETOR SOLAR FPS 60 – 50mL;PROD
16700108;DW SUNSAFE PROTETOR SOLAR FPS60  50mL;PROD
16700109;DW SUNSAFE COLOR PROTETOR SOLAR FPS30 - 50mL;PROD
16700110;AV P. SOLAR COLOR FPS30 50G;PROD
16700111;AV P. SOLAR FPS30 50G;PROD
16700112;AD-ELEMENT 2mL;PROD
16700113;PED-ELEMENT 4ml;PROD
16700114;ACTINE PROT. SOLAR FPS 30 SACHE;PRODTRIAL
16700115;ACTINE ESFOLIANTE FACIAL SACHE BG18;PRODTRIAL
16700116;ACTINE SABONETE BARRA  AG;PRODTRIAL
16700117;DOCTAR SHAMPOO SACHET AG;PRODTRIAL
16700118;DOCTAR CREME SACHET;PRODTRIAL
16700119;AV CLEANANCE SAB BARRA AG 16G;PRODTRIAL
16700120;ACTINE SAB LIQUIDO AG - 5 ML;PRODTRIAL
16700121;ACTINE FREE SAB LIQ SACHE 5ML;PRODTRIAL
16700122;ACTINE FREE SAB BARRA;PRODTRIAL
16700123;ACTINE T. CUIDADO ANTIACNE 5ML;PRODTRIAL
16700124;KLINSE SHAMPOO SACHET AG;PRODTRIAL
16700125;KLINSE SH. NEUTRO SACHET AG;PRODTRIAL
16700126;SKIN SEC LOÇÃO SACHET AG;PRODTRIAL
16700127;SKINSEC LOC HIDRAT S/PER 10ML;PRODTRIAL
16700128;SOAPELLE SAB BARRA NF 16G AG;PRODTRIAL
16700129;SOAPELLE SAB LIQ AG 1% - 5 ML;PRODTRIAL
16700130;SKIN SEC SAB. LIQUIDO AG 5 ML;PRODTRIAL
16700131;SKIN SEC SABONETE BARRA AG NF;PRODTRIAL
16700132;SUAVIE SABONETE BARRA NF AG;PRODTRIAL
16700133;SUAVIE SAB. LIQ. AG 5 ML;PRODTRIAL
16700134;ACTINE LOCAO ADSTRINGENTE AG;PRODTRIAL
16700135;SUNSAFE PS FPS 60 SACHET 5ML;PRODTRIAL
16700136;SUNSAFE PS FPS 30 SACHET 5ML;PRODTRIAL
16700137;SUNSAFE COLOR FPS30 SACHET 5ML;PRODTRIAL
16700138;SUNSAFE COLOR FPS60 SACHET 5ML;PRODTRIAL
16700139;AV P. SOLAR TOQUE SECO  FPS30 AG;PRODTRIAL
16700140;AV P. SOLAR TOQUE SECO  FPS30 COLOR AG;PRODTRIAL
16700141;AV PROT SOLAR TOQUE SECO FPS70  AG;PRODTRIAL
16700142;AV PROT SOLAR TOQUE SECO FPS70 COLOR AG;PRODTRIAL
16700143;AV COLD CREAM CREME MÃOS 50ML;FG
16700144;CREME P/ PELE ACNEICA CLEAN;TRIAL
16700145;AV CICALFATE CREME 100ML;FG
16700146;AV MINI D-PIGMENT LEGERE 3ML;TRIAL
16700147;AV CLEANANCE EMULSÃO 40ML;FG
16700148;AV YSTHEAL EMULSAO 3G 30ML;FG
16700149;AV YSTHEAL OLHOS 15 ML;FG
16700150;AV ANTIROUGEURS CALM 50ML;FG
16700151;AV CLEANANCE BARRA 100G;FG
16700152;AV CLEANANCE EAU 400ML;FG
16700153;AV CLEANANCE EAU 50ML;FG
16700154;AV COLD CREAM LOCAO 100ML;FG
16700155;AV COLD CREAM GEL LIMP. 100ML;FG
16700156;AV CLEANANCE SOL NF PS30 50ML;FG
16700157;AV SOLAR COLOR NF FPS50 50ML;FG
16700158;AV SOLAR INFANT NF FPS50 200ML;FG
16700159;AV XERACALM AD BALSAMO 200ML;FG
16700160;AV XERACALM AD CREME 200ML;FG
16700161;AV KIT TS-30 + CLEAN75 KIT BR;KITS
16700162;AV CLEANANCE BARRA+SABONETEIRA;KITS
16700163;AV XERACALM AD OLEO 100ML;FG
16700164;AV LOCAO MICELAR 100ML;FG
16700165;AV REFLEXE SOLAR FPS50 30ML;FG
16700166;KIT YSTHEAL OLHOS + ATA50 BR;KITS
16700167;AV HYDRANCE SERUM 30ML;FG
16700168;AV KIT PHYSIOLIFT OLHOS+ATA 50;KITS
16700169;KIT SERENAGE OLHOS + GIFT BR;KITS
16700170;AV CLEANANCE EAU NP 100ML;FG
16700171;KIT TS 50+ S/COLOR DUO BR;KITS
16700172;KIT TS 50+ COLOR + ATA 50 ML B;KITS
16700173;AV CLEANANCE SOLAR FPS 50 50ML;FG
16700174;KIT DPIGMENT + ATA 50 ML BR;KITS
16700175;AV PHYSIOLIFT EMULSAO 30ML;FG
16700176;AV PHYSILIFT OLHOS 15ML;FG
16700177;AV SERENAGE OLHOS 15ML;FG
16700178;AV LOCAO MICELAR NF 200ML;FG
16700179;AV CLANANCE EXPERT 40ML;FG
16700180;AV PHYSIOLIFT NOITE 30ML;FG
16700181;AV CLEAN-AC 40 ML;FG
16700182;AV AM AUTOBRONZEADOR 5ML;TRIAL
16700183;AV AM SOLUÇÃO DERMATOLOGICA 5M;TRIAL
16700184;AV MINI SOLUÇÃO MICELLAR 25ML;TRIAL
16700185;AVENE STICK LABIAL FPS30 3G;FG
16700186;AV MINI ANTIROUGEURS FLUIDO DE;TRIAL
16700187;AV ANTIROUGEURS FL LIMP. 300ML;FG
16700188;AV TOLERANCE EXTREME CRM. 50ML;FG
16700189;AV COLD CREAM LIP BALM 15ML;FG
16700190;AV AM COLD CREAM PAIN 25G;TRIAL
16700191;AV TOLERANCE EXTRENE DEFI 5ML;TRIAL
16700192;AVENE 50+ LOÇÃO MINERAL 100ML;FG
16700193;AV TRIACNEAL 30ML;FG
16700194;AV AM TRIACNEAL 5ML;TRIAL
16700195;AV SÉRÉNAGE SERUM 30ML;FG
16700196;KIT SERENAGE SERUM 30ML:FA + CARTEIRA;KITS
16700197;AV AM SÉRÉNAGE SERUM 5ml;TRIAL
16700198;AV SERENAGE NOITE 40ML;FG
16700199;AV AM SÉRÉNAGE NOITE 5ML;TRIAL
16700200;AV ELUAGE EMULSÃO 5ML;TRIAL
16700201;AV ANTIROUGEURS FORT 30ML;FG
16700202;AV AM ANTI ROUGEURS FORT 5ML;TRIAL
16700203;AV CICALFATE POST-ACTE 40ML;FG
16700204;AV AM 50+ LOÇÃO MINERAL 5ML;TRIAL
16700205;AV SACHE CICALFATE 2ML;TRIAL
16700206;AVENE EMULSÃO 50+ TOQUE SECOSP;FG
16700207;AVENE EMULSÃO 50+ TOQUE SECO ;FG
16700208;AV KIT TOQUE SECO30 + ATA 50ML;KITS
16700209;AVENE EMULSÃO 30 TOQUE SECO  ;FG
16700210;AV AM SOLAR TS 50+ 5ML;TRIAL
16700211;AV AM SOLAR TS 50+ COLOR 5ML;TRIAL
16700212;AV AM SOLAR TS FPS 30 5ML;TRIAL
16700213;AV AM SOLAR TS FPS 30 COLOR;TRIAL
16700214;ACTINE PROTETOR SOLAR FPS 30 120 ML;PROD
16700215;DU SENSINOL SHP TR 200ML FAARP;FG
16700216;DU KELUAL DS SHP 100ML NF FAEP;FG
16700217;DU SQUANORM SEC SHP 200 FEP;FG
16700218;DU ANAPHASE SHP 10MLX10 NC 7L;TRIAL
16700219;DU SENSINOL SHP 10x10ML 7L;TRIAL
16700220;DUCRAY SHP KERTYOL 15ML BOT S BR;TRIAL
16700221;DU EXTRA DOUX SHP NC10X10ML 7L;TRIAL
16700222;AV HYD CR HYD TTLEG 1MLX10 10L;TRIAL
16700223;AV HYD CR HYD TT LEG 40ML FAP;FG
16700224;AV CLEANANCE 50+ S/E 5ML 8L;TRIAL
16700225;AV AUTOBRZ GELEE SAT 100ML FAP;FG
16700226;KIT CLEANANCE GEL 200ML+ 60ML;KITS
16700227;DU NUTRICERAT SHP 200ML FAPGAR;FG
16700228;AV FLUIDE MIN 50 TT 40ML FEP;FG
16700229;DU ANAPHASE PL SHP 10X10ML 7L;TRIAL
16700230;DU ANAPHASE PL SHP 200ML FAARP;FG
16700231;DU ANAPHASE PL SHP 100ML 7L;FG
16700232;AV YSTHEAL CR DERMATO 3ML 8L;TRIAL
16700233;AV YSTHEAL INTENSE 30ML FEP;FG
16700234;DU ANAPHASE AP SHP 200ML FAPAR;FG
16700235;DU EXTRA DOUX SHP 200ML FAARP;FG
16700236;AV PHYSIOLIFT COMB RIDE 2ML 8L;TRIAL
16700237;AV PHYSIOLIFT COMBRIDE 15MLFAP;FG
16700238;DU KELUAL DS SHP 10ML 7L;TRIAL
16700239;DU SENSINOL SERUM 30ML FAHP;FG
16700240;DU KERTYOL PSO SHPNC125MLFAEAR;FG
16700241;DU NEOPTIDE LOT 3X30ML NC FEP;FG
16700242;DU ANAPHASE SHP 200ML NC FAGAR;FG
16700243;DU NUTRICER MASQ 150 SP FAPGAR;FG
16700244;DU EXTRA DOUX SHP 75ML 7L;FG
16700245;DU SHP EXTRA DOUX 300ML FAGAR;FG
16700246;DU ANAPHASE SHP 15ML NC 7L;TRIAL
16700247;ANACAPS ACTIV+ 30GE VTE BR/CL;FG
16700248;ANACAPS ACTIV+ 5GE VTE BR/CL;TRIAL
16700249;PILOTO GRANEL ACTINE CONTROL SAB LIQ;SF
16700250;ACTINE CONTROL SAB LIQ 140ML;PROD
16700251;ACTINE CONTROL SABONETE LIQUIDO 5ML;PRODTRIAL
16700252;ACTINE CONTROL SAB BARRA 80G;PROD
16700253;DU KELUAL DS SHP 10X10ML:7L;TRIAL
16700254;ACTINE CONTROL SAB BARRA 16G;PRODTRIAL
16700255;AV CLEANANCE SOLAR FPS30 50ml;PROD
16700256;AV CLEANANCE SOLAR FPS30 SACHET;PRODTRIAL
16700257;CLEANANCE GEL GRANEL 3T;SF
16700258;PILOTO CLEANANCE GEL GRANEL;SF
16700259;ACTINE CONTROL SAB LIQ 60ML;PROD
16700260;SKIN SEC LOÇÃO PERFUME SUAVE 200 ML;PROD
16700261;SKIN SEC LOÇÃO SEM PERFUME 200 ML;PROD
16700262;SKIN SEC LOÇÃO SEM PERFUME 350 ml;PROD
16700263;PILOTO ACTINE PROTETOR SOLAR FPS70 V1;SF
16700264;ANACAPS 5GE ECH BR;TRIAL
16700265;DU ANAPHASE AP SHP 10X10ML 7L;TRIAL
16700266;KIT DUO TS 30 COM COR;KITS
16700267;KIT DUO LOÇÃO MICELAR;KITS
16700268;Piloto SAT ACTINE SAB BARRA;SF
16700269;PILOTO SAT CLEANANCE HYDRA SAVON OR;SF
16700270;PILOTO SAT TESTE LIQUIDO 1TON;SF
16700271;PILOTO SAT CLEANANCE SAB BARRA;SF
16700272;PILOTO SAT SUAVIE SAB BARRA;SF
16700273;PILOTO SAT SOAPELLE SAB BARRA;SF
16700274;PILOTO SAT SKIN SEC SAB BARRA;SF
16700275;PILOTO SAT COLD CREAM SAVON OR;SF
16700276;GRANEL ACTINE PROTETOR SOLAR FPS30 1 TON;SF
16700277;PILOTO GRANEL SKIN SEC LOÇÃO HIDRATANTE;SF
16700278;PILOTO GRANEL ACTINE ESFOLIANTE  1TON;SF
16700279;KIT DUO XERACALM BAUME 2017 BRZ;KITS
16700280;KIT DUO XERACALM CREME 2017 BRZ;KITS
16700281;KIT DUO CLEANANCE GEL 2017;KITS
16700282;KIT DUO CLEANANCE GEL 2017;KITS
16700283;KIT DUO EMULSÃO 50+ BRZ;KITS
16700284;KIT  DU ANACAPS ACTIVE + 30GE BR/CL BRZ;KITS
16700285;AV TE CREME DEFI 50ML FA CHINE;FG
16700286;AV TRIACNEAL EXPERT 30ML FAP;FG
16700287;AVTRIX NUTRITION LAIT200ML FA;FG
16700288;AVTRIX NUTRITION LAIT10ML 8L;TRIAL
16700289;AVTRIX NUTRITION BAUME200ML FA;FG
16700290;AVTRIX NUTRITION BAUME10ML 8L;TRIAL
16700291;AV TRIACNEAL EXPERT 5ML 8L;TRIAL
16700292;KIT DUO ACTINE CONTROL SABONETE BARRA P DW;KITS
16700293;KIT ANAPAHSE + (SHAMPOO + CONDICIONADOR)  2017 DU;KITS
16700294;PILOTO GRANEL AQUA FLUIDO COM COR MAT PERFECT 30  AV;SF
16700295;PILOTO GRANEL AQUA FLUIDO ULTRA MAT 30  AV;SF
16700296;PILOTO GRANEL FUIDO COM COR MAT PERFECT 60  AV;SF
16700297;PILOTO GRANEL FLUIDO ULTRA MAT 60  AV;SF
16700298;PILOTO GRANEL CLEANANCE SOLAR FPS30 AV;SF
16700299;KIT CLEANANCE BARRA + SABONETEIRA;KITS
16700300;KIT ACTINE SOLAR 60ML + ACTINE CONTROL 60ML DW;KITS
16700301;KIT DUO ACTINE LIQ 240ML;KITS
16700302;KIT DUO EXTRA-DOUX DU;KITS
16700303;KIT DUO TS AVENE SOLAR 70;KITS
16700304;KIT KELUAL DS & EXTRA-DOUX DU;KITS
16700305;KIT SKINSEC LOÇÃO COM PERFUME + SKINSEC BARRA DW;KITS
16700306;KIT TS 70 + ATA - 03;KITS
16700307;GRANEL ACTINE SAB LIQUIDO - 02 - MERCK;SF
16700308;GRANEL SOAPELLE SAB LIQ;SF
16700309;GRANEL SUAVIE SAB LIQUIDO;SF
16700310;KIT DUO ACTINE LIQ 140ML;KITS
16700311;Piloto GRANEL SKIN SEC LOÇÃO COM PERFUME;SF
16700312;Piloto GRANEL KLINSE SHAMPOO;SF
16700313;Piloto GRANEL ACTINE PROTETOR SOLAR FPS30;SF
16700314;Piloto GRANEL DOCTAR SHAMPOO NF;SF
16700315;Piloto GRANEL ACTINE LOÇÃO ADSTRINGENTE;SF
16700316;PilotoGRANEL DOCTAR CREME;SF
16700317;Piloto GRANEL DOCTAR SHAMPOO;SF
16700318;Piloto GRANEL SKINSEC SAB LIQ;SF
16700319;Piloto GRANEL KLINSE SHAMPOO NEUTRO;SF
16700320;AV TEST PHYSIOLIFT NOITE 30 ML;SA
16700321;AV TEST XERACALM AD CREME 200ML;SA
16700322;AV TEST PHYSIOLIFT COMBRIDE 15MLFAP;SA
16700323;AV TEST TRIACNEAL EXPERT 30ML FAP;SA
16700324;PilotoGRANEL SKIN SEC LOÇÃO SEM PERFUME;SF
16700325;AV TEST YSTHEAL INTENSE 30ML FEP;SA
16700326;AV TEST TRIX NUTRITION LAIT200ML FA;SA
16700327;AV TEST TRIX NUTRITION BAUME200ML FA;SA
16700328;AV TEST CLEANANCE GEL 300ML;PRODSA
16700329;AV TEST CLEANANCE GEL 150ML;PRODSA
16700330;AV TEST CLEANANCE 50+ 50ML FAP;SA
16700331;KIT SOLAR FPS30 + CLEANANCE EAU MICELAR;KITS
16700332;KIT CLEANANCE FPS 50 + CLEANANCE BARRA;KITS
16700333;AV TEST AGUA TERMAL 150ML;SA
16700334;AV TEST LAIT MINERAL COM COR;SA
16700335;AV TEST EMULSION 70 SANS PARFUM;PRODSA
16700336;AV TEST EMULSION 70 COLOR;PRODSA
16700337;AV TEST SOLAR TOQUE SECO FPS 30;PRODSA
16700338;TEST ACTINE ESFOLIANTE FACIAL 60G;PRODSA
16700339;TEST ACTINE SAB. LIQUIDO 60 ML;PRODSA
16700340;TEST SUAVIE SAB BARRA NF;PRODSA
16700341;TEST SKINSEC LOC HIDRAT S/PER 240ML;PRODSA
16700342;TEST SUNSAFE COLOR PS FPS30 50G;PRODSA
16700343;TEST SUNSAFE PS FPS30 50G;PRODSA
16700344;TEST SUNSAFE COLOR PS FPS60 50G;PRODSA
16700345;TEST SUNSAFE PS FPS60 50G;PRODSA
16700346;TEST SKIN SEC LOÇÃO HIDR CORP 240ML;PRODSA
16700347;TEST SKIN SEC  HIDRATANTE LABIAL;PRODSA
16700348;TEST DOCTAR CREME 100ML;PRODSA
16700349;DUCRAY TEST SHP KELUAL DS 100ML BOT BR;SA
16700350;TEST ANACAPS ACTIV+ 30GE VTE BR/CL;SA
16700351;Piloto GRANEL DOCTAR SHAMPOO NF;SF
16700352;KIT TOQUE SECO FPS 70 SEM COR + CLEANANCE GEL 60ML;KITS
16700353;PilotoGRANEL DEXERYL CREME;SF
16700354;PilotoGRANEL ACTINE SOLAR FPS30 COLOR;SF
16700355;GRANEL DOCTAR SHAMPOO REFORMULAÇÃO;SF
16700356;EL ACTINE SOLAR FPS30 COLOR PELE MORENA;SF
16700357;ACTINE LOÇÃO MICELAR;SF
16700358;DW ACTINE LOÇÃO MICELAR 10ML P;PRODTRIAL
16700359;AV COMPACT 50 DORE 10G FAP;FG
16700360;AV COMPACT 50 SABLE 10G FAP;FG
16700361;DU NUTRIC MASQ 150ML FAARP R17;FG
16700362;TEST ACTINE PROTETOR SOLAR FPS 30;PRODSA
16700363;GRANEL NUTRIOL LOÇÃO HIDRATANTE COM PERFUME;SF
16700364;DU KERT.PSO SHP125ML FAARP M17;FG
16700365;DU ANAPHAS APSH200ML FAARP R17;FG
16700366;DU ANAPHAS SHP 200ML FAARP R17;FG
16700367;DU ANAPHAS SHP 100ML 7L R17;FG
16700368;DU SENSIN SHP 200ML FAARP R17;FG
16700369;DU SQUANOSEC SHP200ML FAARPR17;FG
16700370;GRANEL KLINSE SHP NF;SF
16700371;DU NUTRIC SHP 200ML FAARP M17;FG
16700372;DU SABAL SHP 200ML FAARP M17;FG
16700373;DU NUTRIC SHP 30ML 7L M17;TRIAL
16700374;GRANEL NUTRIOL SABONETE LIQUIDO;SF
16700375;GRANEL NUTRIOL LOÇÃO HIDRATANTE SEM PERFUME;SF
16700376;GRANEL NUTRIOL LOÇÃO HIDRATANTE COM PERFUME E PARABENOS;SF
16700377;DU EXTRA DOUX SHP 200ML FAARP;FG
16700378;DU KERTYOL PSO SHP 15ML 7L M17;TRIAL
16700379;DU CREASTIM 2X30ML FAARP R17;FG
16700380;DU SQUANO ZCLOT200ML FAARP R17;FG
16700381;DU KELUAL DSSHP100ML FAARP R17;FG
16700382;DU NEOPTIDE FEM 90ML FAARP R17;FG
16700383;ANACAPS ACTIV+ 30GE VTE BR/CL;FG
16700384;AV D-PIGMENT SERUM 50ML;FG
16700385;AV SACHET D-PIGMENT SERUM 1ML;TRIAL
16700386;AV ETA COLLECTOR 18 REVEUSE;FG
16700387;AV CICALFATE CREME 15ML FEP;FG
16700388;AV ANTIOX SERUM SAC2MLx10 FYAY;TRIAL
16700389;AV ANTI OX SERUM 30ML FEYPY;FG
16700390;KIT AV LOÇÃO MICELAR 200ML + HYDRANCE PERFECTOR;KITS
16700391;KIT ANACAPS + ANAPHASE SHP;KITS
16700392;KIT AV DUO LOÇÃO MICELAR 200ML;KITS
16700393;KIT CLEANANCE GEL 150ML + 60ML - 03;KITS
16700394;PilotoAV GRANEL CLEANANCE SOLAR 50+;SF
16700395;PilotoAV  GRANEL CREME 50+ ANTI AGE;SF
16700396;TEST SKIN SEC LOÇÃO PERFUME SUAVE 200 ML;PRODSA
16700397;TEST SKIN SEC LOÇÃO SEM PERFUME 350 ML;PRODSA
16700398;AV TEST ANTI OX SERUM 30ML FEYPY;PRODSA
16700399;KIT ACTINE LIQ 400 + SUNSAFE FP60 COLOR - 01;KITS
16700400;KIT ACTINE TRAT + SUNSAFE FP60;KITS
16700401;TEST DW ACTINE SAB LÍQ 400ML P;PRODSA
16700402;DU TEST EXTRA DOUX SHP 75ML 7L;PRODSA
16700403;DU TEST NUTRIC MASQ 150ML FAARP R17;PRODSA
16700404;DU TEST KERT.PSO SHP125ML FAARP M17;PRODSA
16700405;DU TEST ANAPHAS SHP 200ML FAARP R17;PRODSA
16700406;DU TEST ANAPHAS SHP 100ML 7L R17;PRODSA
16700407;DU TEST SENSIN SHP 200ML FAARP R17;PRODSA
16700408;DU TEST NUTRIC SHP 200ML FAARP M17;PRODSA
16700409;AV TRIXERA SABONETE BARRA FAMILIA 16G PF - 00 - BG19;PRODTRIAL
16700410;KIT TOQUE SECO SEM COR FPS70 50ML AV + REFLÈXE SOLAR 30ML AV;KITS
16700411;AV PHYSIOLIFT EMULJOUR 30ML FEP;FG
16700412;DU DENSIAGE AP SHP 200ML FAARP;FG
16700413;DU DENSIAGE SHP 200ML FAARP;FG
16700414;AV PHYSIOLIFT BAUMENUIT 30 FEP;FG
16700415;DU DENSIAGE SERUM 3X30ML FAARP;FG
16700416;DU DENSIAGE AP SHP 10X10ML 7L;TRIAL
16700417;DU DENSIAGE SHP 10X10ML 7L;TRIAL
16700418;GRANEL ACTINE ANTI ACNE FPS30;SF
16700419;GRANEL ACTINE ANTI ACNE FPS60;SF
16700420;DW ACTINE SAB LIQ 240ML DESC 20% - 01 - BG19;PROD
16700421;GRANEL NUTRIOL LOÇÃO COM PERFUME E SEM PARABENOS;SF
16700422;GRANEL NUTRIOL LOÇÃO SEM PERFUME E SEM PARABENOS;SF
16700423;AV PHYSIOLIFT CREME NOITE - 01 - BG19;PRODTRIAL
16700424;AV PHYSIOLIFT CREME NOITE - 01 - BG19;PRODTRIAL
16700425;AV FLUIDO ANTI ACNE MAT PERFECT 60 3ML;PRODTRIAL
16700426;AV FLUIDO ANTI ACNE MAT PERFECT 60 50ML;PROD
16700427;DW GRANEL NUTRIOL OLEO ANTI ESTRIAS;SF
16700428;DW NUTRIOL LOÇÃO HIDRAT C/ PERF SP 8ML P BG19;PRODTRIAL
16700429;DW NUTRIOL LOÇÃO C/ PERF SP 200ML P BG19;PROD
16700430;DW NUTRIOL LOÇÃO S/ PERF SP 400ML P BG19;PROD
16700431;DW NUTRIOL LOÇÃO HIDRAT S/ PERF SP 8ML P BG19;PRODTRIAL
16700432;DW NUTRIOL LOÇÃO S/ PERF SP 200ML P BG19;PROD
16700433;DW ACTINE MASCARA ESFOLIANTE 5ML - 00 - BG19;PRODTRIAL
16700434;DW ACTINE SOLAR ANTI ACNE FPS60 40ML - 00 - BG19;PROD
16700435;DW ACTINE SOLAR ANTI ACNE FPS60  3ML - 00 - BG19;PRODTRIAL
16700436;DW ACTINE SOLAR ANTI ACNE FPS30 40ML - 00 - BG19;PROD
16700437;DW ACTINE SOLAR ANTI ACNE FPS30  3ML - 00 - BG19;PRODTRIAL
16700438;KIT ACTINE 140ML + ACTINE 60ML GRÁTIS;KITS
16700439;GRANEL ACTINE MASCARA ESFOLIANTE - BG19;SF
16700440;KIT ANACAPS TRIO NOVO;KITS
16700441;AV TEST AQUA FLUIDO COM COR MAT PERFECT  50ML;PRODSA
16700442;AV TEST AQUA-FLUIDO MAT PERFECT 30  50ML;PRODSA
16700443;AV TEST FLUIDO COM COR MAT PERFECT 60 50ML;PRODSA
16700444;AV TEST FLUIDO MAT PERFECT 60  50ML;PRODSA
16700445;AV TEST AGUA TERMAL AVENE 300ML;SA
16700446;AV TEST TRIXERA NUTRI-FLUIDA 200ML;PRODSA
16700447;AV TEST TRIXERA HYDRA-FLUIDA 200ML;PRODSA
16700448;AV TEST SOLAR INFANT NF FPS50 200ML;SA
16700449;AV TEST XERACALM AD BALSAMO 200ML;SA
16700450;AV TEST COMPACT 50 SABLE 10G FAP;SA
16700451;AV TEST COMPACT 50 DORE 10G FAP;SA
16700452;AV TEST CICALFATE CREME 15ML FEP;SA
16700453;AV PHYSIOLIFT SERUM 30ML FEP;FG
16700454;AV PHYSIOLIFT SERUM 3ML 8L;TRIAL
16700455;AV FL MIN 50 TT 2MLx10 8L;TRIAL
16700456;DW ACTINE SAB BARRA 80G 20% DESCONTO;PROD
16700457;P0001387;PROD
16700458;AV TEST CLEANANCE GEL 60ML;PRODSA
16700459;AV TEST CLEANANCE SAB BARRA 80G;PRODSA
16700460;AV TEST D-PIGMENT SERUM 50ML;SA
16700461;AV TEST HYDRANCE OPT LEG FPS20 40ML;SA
16700462;AV TEST LOCAO MICELAR 100ML;SA
16700463;AV TEST PHYSILIFT OLHOS 15ML;SA
16700464;AV TEST PHYSIOLIFT SERUM 30ML FEP;SA
16700465;AV TEST AGUA TERMAL 50ML;SA
16700466;AV TEST AUTOBRZ GELEE SAT 100ML FAP;SA
16700467;AV TEST CICALFATE CREME 40ML;SA
16700468;AV TEST CLANANCE EXPERT 40ML;SA
16700469;AV TEST CLEANANCE HYDRA SAVON 80G;PRODSA
16700470;AV TEST STICK 50+ 8G;SA
16700471;AV TEST TRIXERA SABONETE BARRA 80G;PRODSA
16700472;DU TEST DENSIAGE AP SHP 200ML FAARP;SA
16700473;DU TEST DENSIAGE SERUM 3X30ML FAARP;SA
16700474;DU TEST DENSIAGE SHP 200ML FAARP;SA
16700475;DW TEST ACTINE CONTROL SAB BARRA 80G P;PRODSA
16700476;DW TEST ACTINE CONTROL SAB LÍQ 60ML P;PRODSA
16700477;DW TEST ACTINE CONTROL SAB LÍQ 140ML P;PRODSA
16700478;DW TEST ACTINE SAB LÍQ 240ML P;PRODSA
16700479;DW TEST ACTINE TRAT 30G;PRODSA
16700480;DW TEST DOCTAR SENSI SHAMPOO 120ML;PRODSA
16700481;DW TEST KLINSE SHAMPOO 140ML P;PRODSA
16700482;DW TEST NUTRIOL LOÇÃO C PERF SP 200ML P;PRODSA
16700483;DW TEST NUTRIOL LOÇÃO HIDRAT C PERF 200ML P;PRODSA
16700484;DW TEST NUTRIOL LOÇÃO HIDRAT S PERF 200ML P;PRODSA
16700485;DW TEST NUTRIOL LOÇÃO HIDRAT S PERF 400ML P;PRODSA
16700486;DW TEST NUTRIOL LOÇÃO S PERF SP 200ML P;PRODSA
16700487;DW TEST NUTRIOL S PER SP 400ML;PRODSA
16700488;DW TEST NUTRIOL SAB BARRA 80G P;PRODSA
16700489;DW TEST NUTRIOL SAB LÍQ 140ML P;PRODSA
16700490;DW TEST SUAVIÉ SAB LÍQ 60ML P;PRODSA
16700491;AV EMULSÃO SOLAR TOQUE SECO COR FPS70 40G;PROD
16700492;AV EMULSÃO SOLAR TOQUE SECO FPS70 40G;PROD
16700493;PILOTO GRANEL ACTINE SOLAR PELE CLARA DW;SF
16700494;PILOTO GRANEL ACTINE SOLAR PELE MORENA DW;SF
16700495;PILOTO GRANEL ACTINE SOLAR PELE MORENA MAIS DW;SF
16700496;AV TEST CLEANANCE SOLAR FPS50 50ML;PRODSA
16700497;FILME PLASTICO P/ENCH CAIXAS;RM
16700498;CAIXA PAP PIERRE FABRE N° 3;RM
16700499;ETIQUETA DE IMPORTAÇÃO  0106AP;RM
16700500;ETIQUETA DE IMPORTAÇÃO 0280AP;RM
16700501;ETIQUETA DE IMPORTAÇÃO 0404AP;RM
16700502;ETIQUETA DE IMPORTAÇÃO  0406AP;RM
16700503;ETIQUETA DE IMPORTAÇÃO 0407AP;RM
16700504;ETIQUETA DE IMPORTAÇÃO 0409AP;RM
16700505;ETIQUETA DE IMPORTAÇÃO 5053AV;RM
16700506;CAIXA PAP PIERRE FABRE N° 5;RM
16700507;AV SEMILUVA CLEANANCE MAT EMUL;RM
16700508;ETIQUETA DE IMPORTAÇÃO 5062AV;RM
16700509;AV SEMILUVA CLEANANCE HYDRA;RM
16700510;CAIXA PAP PIERRE FABRE N° 1;RM
16700511;ETIQUETA DE IMPORTAÇÃO 5101AV;RM
16700512;CAIXA PAP PIERRE FABRE N° 6;RM
16700513;FILME PLASTICO P/ENCH CAIXAS;RM
16700514;ETIQUETA DE IMPORTAÇÃO 5103AV;RM
16700515;CAIXA PAP PIERRE FABRE N° 2;RM
16700516;ETIQUETA DE IMPORTAÇÃO 5129AV;RM
16700517;AV CAIXA KIT DUO BARRA 2013.2;RM
16700518;CAIXA PAP PIERRE FABRE N° 2;RM
16700519;ETIQUETA DE IMPORTAÇÃO 5145AV;RM
16700520;CAIXA PAP PIERRE FABRE N° 1;RM
16700521;ETIQUETA DE IMPORTAÇÃO 5209AV;RM
16700522;LUVA CICALFATE CREME 40ML PF AV 5213AV;RM
16700523;CAIXA PAP PIERRE FABRE N° 7;RM
16700524;ETIQUETA DE IMPORTAÇÃO 5232AV;RM
16700525;ETIQUETA DE IMPORTAÇÃO 5274AV;RM
16700526;ETIQUETA DE IMPORTAÇÃO 5286AV;RM
16700527;CAIXA PAP PIERRE FABRE N° 8;RM
16700528;AV CAIXA KIT DUO STICK 2013.2;RM
16700529;CAIXA PAP PIERRE FABRE N° 7;RM
16700530;ETIQUETA DE IMPORTAÇÃO 5374AV;RM
16700531;ETIQUETA DE IMPORTAÇÃO 5390AV;RM
16700532;ETIQUETA DE IMPORTAÇÃO 5399AV;RM
16700533;ETIQUETA DE IMPORTAÇÃO 5406AV;RM
16700534;ETIQUETA DE IMPORTAÇÃO 5409AV;RM
16700535;ETIQUETA DE IMPORTAÇÃO 5417AV;RM
16700536;ETIQUETA DE IMPORTAÇÃO 5418AV;RM
16700537;ETIQUETA DE IMPORTAÇÃO 5419AV;RM
16700538;ETIQUETA DE IMPORTAÇÃO 5420AV;RM
16700539;ETIQUETA DE IMPORTAÇÃO 5421AV;RM
16700540;ETIQUETA DE IMPORTAÇÃO 5422AV;RM
16700541;ETIQUETA DE IMPORTAÇÃO 5423AV;RM
16700542;ETIQUETA DE IMPORTAÇÃO 5425AV;RM
16700543;ETIQUETA DE IMPORTAÇÃO 5426AV;RM
16700544;ETIQUETA DE IMPORTAÇÃO 5427AV;RM
16700545;ETIQUETA DE IMPORTACAO 5428AV;RM
16700546;CAIXA PAP PIERRE FABRE N° 3;RM
16700547;ETIQUETA DE IMPORTAÇÃO 5430AV;RM
16700548;ETIQUETA DE IMPORTAÇÃO 5431AV;RM
16700549;ETIQUETA DE IMPORTAÇÃO 5432AV;RM
16700550;ETIQUETA DE IMPORTAÇÃO 5433AV;RM
16700551;ETIQUETA DE IMPORTAÇÃO 5434AV;RM
16700552;ETIQUETA DE IMPORTAÇÃO 5436AV;RM
16700553;ETIQUETA DE IMPORTAÇÃO 5437AV;RM
16700554;ETIQUETA DE IMPORTAÇÃO 5438AV;RM
16700555;ETIQUETA DE IMPORTAÇÃO 5442AV;RM
16700556;ETIQUETA DE IMPORTAÇÃO 5443AV;RM
16700557;ETIQUETA DE IMPORTAÇÃO 5445AV;RM
16700558;ETIQUETA DE IMPORTAÇÃO 5446AV;RM
16700559;ETIQUETA DE IMPORTAÇÃO 5450AV;RM
16700560;ETIQUETA DE IMPORTAÇÃO 5451AV;RM
16700561;ETIQUETA DE IMPORTAÇÃO 5452AV;RM
16700562;HUILE COCO RAFFINEE;RM
16700563;CARBOPOL 981;RM
16700564;HIDRÓXIDO DE SÓDIO MERCK;RM
16700565;GLICERINA PURA OLEON;RM
16700566;PARAFINA LIQUIDA;RM
16700567;INDUST. SKIN SEC LOÇÃO GRANEL;RM
16700568;2 PHENOXYETHANOL;RM
16700569;NIPAGIN CLARIANT;RM
16700570;NIPAZOL CLARIANT;RM
16700571;PARF TRENDRESSE U293496;RM
16700572;EXTRAIT FLUI BOURGEON PEUPLIER;RM
16700573;ALPHA TOCOPHERYLE ACETATE Z;RM
16700574;SQUALENO VEGETAL;RM
16700575;ARLACEL 2121-FL;RM
16700576;CETEARYL ALC/CETEARYL MEL;RM
16700577;WAGLINOL 6016;RM
16700578;SILOXANE CYCLOPENTA CM5;RM
16700579;INDUST. SKIN SEC GRANEL S/PERF;RM
16700580;ALKONIX SC;RM
16700581;TEXAPON N 040;RM
16700582;COCOAMIDOPROPILBETAINA;RM
16700583;HOSTAPON CCG;RM
16700584;GENAPOL EGL;RM
16700585;ESSENCIA CHA VERDE;RM
16700586;FENOXIETANOL E PARABENOS;RM
16700587;CITOQUINAS DO LEITE;RM
16700588;GENAMIN PQ7;RM
16700589;SOLUVIT RICHTER;RM
16700590;PHYTOLAIT CHA VERDE;RM
16700591;ACIDO CITRICO FARMAC;RM
16700592;CLORETO DE SODIO P/ COSMETICO;RM
16700593;PROPILENO GLICOL;RM
16700594;POLYETHYLENE CIRE;RM
16700595;EUA DISTILLEE MELILOT;RM
16700596;PARF U210162 NATURE GN FREE;RM
16700597;SEPIGEL 305;RM
16700598;BROMURE DE CETRIMONIUM;RM
16700599;GLUCONATO DE ZINCO;RM
16700600;SALICILATO DE SODIO;RM
16700601;STEPAN MILD SL3 BA;RM
16700602;PCA DE ZINCO SOLABIA;RM
16700603;INDUST. ACTINE ESFOLIANTE GRAN;RM
16700604;TRILON BD;RM
16700605;SATIAGUM UTC 30;RM
16700606;ALCOOL NEUTRO;RM
16700607;CORANTE RED D&C 33;RM
16700608;CORANTE AMARELO AYE 23;RM
16700609;EDTA DISSODICO;RM
16700610;ESSENCIA SOAPELLE;RM
16700611;EXTRATO GLIC ALOE VERA;RM
16700612;GLICERINA PURA 03473015;RM
16700613;HIDROXIDO DE SODIO;RM
16700614;IRGASAN DP- 300;RM
16700615;NIPAGIN;RM
16700616;OLETH 3 FOSFATO;RM
16700617;PIRROLIDONA CARBOX. DE SODIO;RM
16700618;SYNOTOL CN- 80;RM
16700619;IMIDAZOLIDINIL UREIA;RM
16700620;ALOE VERA PO;RM
16700621;PEG 120 METILGLUCOSEDIOLEATO;RM
16700622;N-COCOIL L-GLUTAMATO DISSODICO;RM
16700623;LAURIL POLIGLICOSE;RM
16700624;EXTRATO DE CAMOMILA;RM
16700625;EXTRATO DE ALECRIM;RM
16700626;TIOLISINA COMPLEX 30;RM
16700627;SEBONORMINE 0P;RM
16700628;ESSENCIA ESKIMO SII;RM
16700629;POLOXAMER 188;RM
16700630;ACIDO BENZOICO;RM
16700631;METHOXYCINNAMATE(p)ETHYLHEXYL;RM
16700632;GLYCERIDES COCO HYDROGENE;RM
16700633;DECAMETIL CICLOPENTASILOXANE;RM
16700634;XANTHANE GOMME;RM
16700635;DRY FLO PC;RM
16700636;ACRYLATE(POLYMETHYLMET);RM
16700637;CARBOMERE K;RM
16700638;CHLORPHENESINE PURIFIEE;RM
16700639;SITOSTEROL (BETA) 95%;RM
16700640;CETYL PHOSPHATE POTASSIUM;RM
16700641;EXTRAIT LIPIDIQUE DE SOJA;RM
16700642;SULF CHONDROITINE SOD AVIAIR;RM
16700643;LECITHINE SOJA;RM
16700644;ETHYLHEXYLOXYPHENOL(BIS)METHO;RM
16700645;TOCOPHERYL GLUCOSIDE 50%;RM
16700646;OCTOCRILENO;RM
16700647;CAPRIC CAPRYLIC TRIGLY 30 70;RM
16700648;INDUST. ACTINE PROTETOR SOLAR;RM
16700649;LACTATO DE MENTILA;RM
16700650;ESSENCIA ACTINE;RM
16700651;OLEO DE RICINO HIDROGENADO;RM
16700652;ANTI - UV (TINOGARD HS);RM
16700653;ACIDO SALICILICO 00340;RM
16700654;OCTOPIROX;RM
16700655;SODIUM SHALE OIL SULFONATE;RM
16700656;SALCARE SC60;RM
16700657;ENXOFRE SOLUVEL;RM
16700658;OLEO DE MELALEUCA;RM
16700659;DIPROPILENOGLICOL;RM
16700660;ESSENCIA HERBAL FRESH;RM
16700661;IODO PROPINIL BUTIL CARBAMATO;RM
16700662;CAPRILOIL GLICINA;RM
16700663;PIRROLIDONA CARBOX. DE ZINCO;RM
16700664;L-ARGININA INJETAVEL 00646016;RM
16700665;CETEARYL ALCOOL/CETEARETH 33;RM
16700666;PALMITATE ETHYLHEXYL;RM
16700667;STEARATE GLYCERYL SG;RM
16700668;INDUST DOCTAR CREME GRANEL;RM
16700669;CROTAMITON;RM
16700670;GLYCOLIQUE ACIDE 57%;RM
16700671;ACETAMIDE MEA 70%;RM
16700672;PARF. CAMAFLOR 8237F;RM
16700673;PPG 1 PEG 9 LAURYL GLYCOL ETHE;RM
16700674;LACTIQUE ACIDE;RM
16700675;EUA HAMAMELIS STABILISEE;RM
16700676;BISABOLOL(ALPHA)SYNTH;RM
16700677;PARF. SKIN II PY 94574;RM
16700678;BUTYL METHOXY DIBENZOYLMETHANE;RM
16700679;ALCOOL ESTEARILICO;RM
16700680;BEHENATE DIGLYCERYL BEHE MEL;RM
16700681;STEARATE GLY PEG100ST;RM
16700682;DICAPRYLYL CARBONATE;RM
16700683;ADIPATE DIISOPROPYL;RM
16700684;TEGOSOFT TN;RM
16700685;GLICERIDES PALM KERNEL HYDROG;RM
16700686;CAPRYL GLYCOL;RM
16700687;ACRYLATE C10 C30 ALKYL CRPM 21;RM
16700688;SILICA (LIBELLÉ CHIMIQUE) 692847;RM
16700689;UVASORB HBE;RM
16700690;MBBT DECYL GLUCOSIDE MEL;RM
16700691;PIGMENTO BROYAT HYDROPHIL 692884;RM
16700692;ALCOOL HIDRATADO DE CEREAIS;RM
16700693;NICOTINAMIDA;RM
16700694;MELAVOIDE;RM
16700695;ACNEOL SR;RM
16700696;BIOGENIC SA 200;RM
16700697;LIPOSSOMAS DE RESVERATRIOL;RM
16700698;SILICONE DC5225C;RM
16700699;SILICONE DC9040;RM
16700700;SILICONE DC245;RM
16700701;EUXYL PE 9010;RM
16700702;Herbal Control 22.;RM
16700703;SUNSIL 150H;RM
16700704;ORGASOL CARESSE;RM
16700705;SARCOSINATE LAUROYL NA LS30;RM
16700706;HUILE PEPINS COURGE ENRICHIE;RM
16700707;METHYL GLUCETH 20;RM
16700708;SORBATE POLY 20;RM
16700709;EDTA DISSODICO;RM
16700710;MIRANOL C2M CONC ( COCOAMPHODIACETADE 2NA 38-40%);RM
16700711;ELFACOC GT 282 ( CETEARETH-60 MYRISTYL GLYCOL);RM
16700712;DECYL GLUCOSIDE;RM
16700713;INDUSTRIALIZAÇÃO ACTINE FREE SAB LIQUIDO;RM
16700714;BISNAGA ACTINE SAB LIQ 60ML SLEEVE ';RM
16700715;CAIXA PAP 036;RM
16700716;FRASCO PET LARANJA 140ML;RM
16700717;ROT ACTINE SAB. LIQUIDO FRENTE;RM
16700718;ROT ACTINE SAB. LIQUIDO VERSO;RM
16700719;VALVULA PRECISÃO DO BRASIL (24/410 SOFT BRANCA);RM
16700720;SLEEVE 52mm BOBINA;RM
16700721;CAIXA 033;RM
16700722;VALVULA PRECISÃO DO BRASIL (SOFT BRANCA) 24/410 - 240ML;RM
16700723;FRASCO PET LARANJA 240ML;RM
16700724;ROT ACTINE SAB LIQ 240ML FRENT;RM
16700725;ROT ACTINE SAB LIQ 240ML VERSO;RM
16700726;CAIXA P/ FRASCO DE 240 ML;RM
16700727;VALV. ARC8 PLP24/410 BCA 240ML;RM
16700728;DW ADSVO TRANSP REDON 2,5 2016;RM
16700729;DW CX KIT ACTINE 240+60ML 2016;RM
16700730;DW BERCO KIT ACTINE 240+60ML;RM
16700731;BISNAGA ACTINE ESFOLIANTE  60G SLEEVE;RM
16700732;BISNAGA ACTINE SOLAR FPS30  60ML SLEEVE;RM
16700733;CART ACTINE PROTETOR SOLAR;RM
16700734;CAIXA 031;RM
16700735;MASSA 100% VEGETAL P/ SABONETE;RM
16700736;COMPOSTO HIDRATANTE S820A1DV;RM
16700737;ASTROCARYUM MURUMURU SODIO;RM
16700738;ACIDO ETIDRONICO;RM
16700739;ENXOFRE;RM
16700740;FILME POLIPROPILENO BOPP;RM
16700741;CARTUCHO ACTINE  SABONETE BARRA 80G P DW;RM
16700742;CAIXA 087;RM
16700743;A KIT ACTINE SOLAR + 60ML 2016;RM
16700744;DW ADESIVO TRANSP REDONDO;RM
16700745;CAIXA DE EMBARQUE 260 x 240 x 166;RM
16700746;CARTUCHO KIT ACTINE SOLAR 60ML + S LIQ 60ML;RM
16700747;ADESIVO REDONDO D25MM TRANSP;RM
16700748;DW TAG NECESSAIRE VERAO 2014;RM
16700749;CAIXA A-016 C/DIVISORIAS;RM
16700750;DW NECESSAIRE VERAO PDV 2014;RM
16700751;DW BERCO NECESSAIRE VERAO;RM
16700752;HUILE JOJOBA;RM
16700753;KARITE BEURRE SB45;RM
16700754;PARFUM ADELINE 84A;RM
16700755;CARTUCHO SUAVIE SABONETE BARRA 80G DW;RM
16700756;DW SABONETEIRA ACTINE 2014;RM
16700757;DW ADESIVO SABONETEIRA GRATIS;RM
16700758;FRASCO ACTINE LOCAO ADSTR.;RM
16700759;TAMPA ACTINE LOCAO ADSTR.;RM
16700760;CAIXA 040;RM
16700761;DW ADESIVO ACTINE BARRA DUO;RM
16700762;IND. KIT DUO ACTINE BARRA 2015;RM
16700763;AV CLEANANCE GEL 75ML NF;RM
16700764;ROTULO ACTINE FREE SAB LIQ;RM
16700765;CONTRARROTULO ACTINE FREE SAB;RM
16700766;FRASCO ACTINE FREE 1400ML;RM
16700767;CARTUCHO ACTINE FREE 80G;RM
16700768;NANO MELALEUCA;RM
16700769;BISNAGA ACTINE TRAT 30G;RM
16700770;CAIXA 500;RM
16700771;CARTUCHO ACTINE  TRAT GEL ANTIACNE 30G P DW;RM
16700772;AV CX CLEAN SOL + CLEAN GEL 60ML 2016;RM
16700773;DW BERCO DUO ACTINE BARRA IND;RM
16700774;FRASCO PET AMBAR DOCTAR 140ML;RM
16700775;TAMPA FLIP TOP BRANCA DOCTAR;RM
16700776;ROT DOCTAR SHAMPOO FRENTE;RM
16700777;ROT DOCTAR SHAMPOO VERSO;RM
16700778;CAIXA  140ml SHAMPOO;RM
16700779;BISNAGA DOCTAR CREME 100ML;RM
16700780;CARTUCHO DOCTAR CREME 100ML;RM
16700781;CAPS DUOCAP JANVIER;RM
16700782;FRASCO CLEANANCE GEL 200ML;RM
16700783;CLEANANCE GEL GRANEL N.FORMULA;RM
16700784;BISNAGA CLEANANCE 60ML;RM
16700785;CAIXA AV 060;RM
16700786;LAURATE GLYCERIL;RM
16700787;FIRST DAY HYPO 448941;RM
16700788;FLOW PACK SABONETE BARRA 80G AV DW DU;RM
16700789;CARTUCHO CLEANANCE SAB BARRA;RM
16700790;BULA AVENE CLEAANCE BARRA;RM
16700791;CAIXA AV CLEANANCE SAB BARRA 80G;RM
16700792;FRASCO PET AZUL KLINSE 140ML;RM
16700793;TAMPA FLIP TOP AZUL KLINSE;RM
16700794;ROT KLINSE SHAMPOO FRENTE;RM
16700795;ROT KLINSE SHAMPOO VERSO;RM
16700796;FRASCO PET BRANCO 140ML;RM
16700797;ROT KLINSE SHAMPOO NEUTRO FR;RM
16700798;ROT KLINSE SHAMPOO NEUTRO VER;RM
16700799;TRICLOROCARBANILIDA - TCC;RM
16700800;CARTUCHO SOAPELLE  SABONETE BARRA 80G P DW;RM
16700801;ROT SOAPELLE LIQ 1% FRENTE NF;RM
16700802;ROT SOAPELLE LIQ 1% VERSO NF;RM
16700803;VALV. ARC8 PLP24/410 BCA 140ML;RM
16700804;MANTEIGA DE KARITE;RM
16700805;OLEO DE AMENDOAS;RM
16700806;AMIDO DE MILHO;RM
16700807;TITANIUM DIOXIDE;RM
16700808;PVP K-30;RM
16700809;PATIONIC 138C;RM
16700810;SODIUM COCOYL ISETHIONATE;RM
16700811;ANTI-OXIDANTE FENOLICO;RM
16700812;D PANTENOL;RM
16700813;CERAMIDAS SH1%;RM
16700814;CART SKINSEC SAB BARRA 80G NF;RM
16700815;ROT SKIN SEC SAB. LIQ. FRENTE;RM
16700816;ROT SKIN SEC SAB. LIQ. VERSO;RM
16700817;RÓTULO SKIN SEC LOÇAO HIDRATAN;RM
16700818;CONTRA RÓTULO SKIN SEC LOÇAO;RM
16700819;FRASCO PET BRANCO 240ML;RM
16700820;TAMPA FLIP TOP BRANCA;RM
16700821;RÓTULO SKIN SEC LOÇAO HIDRATAN;RM
16700822;CONTRA RÓTULO SKIN SEC LOÇÃO;RM
16700823;FRS PET BRANCO OPACO 60ML;RM
16700824;INDUST. SKIN SEC LOÇÃO 60 ML;RM
16700825;ROTULO SUAVIE SAB LIQ 140ML P DW;RM
16700826;CONTRA ROTULO SUAVIE SAB LIQ 140ML P DW;RM
16700827;BISNAGA SUAVIE SAB LIQ  60ML P DW;RM
16700828;ROTULO SKINSEC LOC SEM PERFUME;RM
16700829;C ROTULO SKINSEC LOC S/PERFUME;RM
16700830;DW CX KT SKINSEC LOC+SAB 140ML;RM
16700831;DW BERCO DUO SKINSEC BARRA IND;RM
16700832;BISNAGA SUNSAFE FPS30;RM
16700833;CART SUNSAFE FPS30;RM
16700834;BISNAGA SUNSAFE FPS60 COLOR;RM
16700835;CART SUNSAFE FPS60 COLOR;RM
16700836;BISNAGA SUNSAFE FPS60;RM
16700837;CART SUNSAFE FPS60;RM
16700838;BISNAGA SUNSAFE FPS30 COLOR;RM
16700839;CART SUNSAFE FPS30 COLOR;RM
16700840;AVENE SOLAR FPS30 COR GRANEL;RM
16700841;BISNAGA AVENE SOLAR FPS 30 TT;RM
16700842;CART AV SOLAR TQ FPS30 COLOR;RM
16700843;CAIXA PAP SOLARES;RM
16700844;BULA AVENE SOLAR;RM
16700845;AVENE SOLAR FPS30 GRANEL;RM
16700846;BISNAGA AVENE SOLAR FPS 30;RM
16700847;CART AV SOLAR TQ FPS30;RM
16700848;CARTUCHO P/ AD ELEMENT;RM
16700849;BULA AD-ELEMENT 2ML;RM
16700850;CAIXA 076;RM
16700851;AMPOLA AD-ELEMENT 2ML;RM
16700852;CLORETO DE CROMO INJETAVEL;RM
16700853;SULFATO DE ZINCO INJ 06402011;RM
16700854;SULFATO DE COBRE INJ 06388019;RM
16700855;SULFATO DE MANGANES 06397018;RM
16700856;AMPOLA PED-ELEMENT 4ML BCA;RM
16700857;BERÇO POLIESTIRENO 10X5ML;RM
16700858;BULA PED-ELEMENT;RM
16700859;CARTUCHO P/ PED ELEMENT;RM
16700860;CAIXA 077;RM
16700861;ESTRUT. ACTINE PROTETOR SOLAR;RM
16700862;CAIXA 054;RM
16700863;ARTE SACHE ACTINE ESFOLIANTE F;RM
16700864;FLOW PACK ACTINE SABONETE BARRA 16G P DW;RM
16700865;ARTE SACHE DOCTAR SHAMPOO 10ML;RM
16700866;ESTRUTURA DOCTAR CREME 10ML;RM
16700867;FLOW PACK CLEANANCE  SABONETE BARRA 16G P AV;RM
16700868;AV CAIXA SAB BARRA AG AVENE;RM
16700869;ARTE SACHE ACTINE LÍQUIDO 5ML;RM
16700870;ESTRUTURA ACTINE FREE DAB LIQ;RM
16700871;FLOW PACK ACTINE FREE;RM
16700872;ESTRUTRA TRAT 30G;RM
16700873;ESTRUTURA ACTINE TRAT GEL ANTIACNE 5G P DW;RM
16700874;ARTE SACHE KLINSE SHAMPOO 10ML;RM
16700875;ARTE SACHE KLINSE N SHAMP 10ML;RM
16700876;ESTRUTURA SACHE SKINSEC LOÇÃO;RM
16700877;ESTRUTURA SKISEC LOCAO S/PERF.;RM
16700878;FLOW PACK SOAPELLE  SABONETE BARRA 16G P DW;RM
16700879;ARTE SACHE SOAPELLE LÍQUID 5ML;RM
16700880;ARTE SACHE SKINSEC LÍQUID 5ML;RM
16700881;FLOW PACK SKINSEC BARRA AG NF;RM
16700882;FLOW PACK SUAVIE SABONETE BARRA 16G P DW;RM
16700883;ESTRUTURA SUAVIE SAB LIQ 5ML P DW;RM
16700884;FRASCO ACTINE LOCAO ADSTR. AG;RM
16700885;TAMPA ACTINE LOCAO ADSTR. AG;RM
16700886;INDUST. ACTINE LOCAO ADSTR. AG;RM
16700887;ESTR SACHET SUNSAFE FPS60;RM
16700888;ESTR SACHET SUNSAFE FPS30;RM
16700889;EST SACHET SUNSAFE FPS30 COLOR;RM
16700890;EST SACHET SUNSAFE FPS60 COLOR;RM
16700891;ESTR SACHET AV SOLAR FPS30;RM
16700892;CAIXA PAP SOLARES  SACHET;RM
16700893;ESTR SACHET AV SOLAR FPS30 TT;RM
16700894;AVENE SOLAR FPS50 GRANEL;RM
16700895;ESTR SACHET AV SOLAR FPS50;RM
16700896;AVENE SOLAR FPS50 COR GRANEL;RM
16700897;ESTR SACHET AV SOLAR FPS50 TT;RM
16700898;ETIQUETA DE IMPORTAÇÃO C00274;RM
16700899;ETIQUETA DE IMPORTAÇÃO C03405;RM
16700900;ETIQUETA DE IMPORTAÇÃO C04198;RM
16700901;ETIQUETA DE IMPORTAÇÃO C04199;RM
16700902;ETIQUETA DE IMPORTAÇÃO C04200;RM
16700903;ETIQUETA DE IMPORTAÇÃO C04201;RM
16700904;ETIQUETA DE IMPORTAÇÃO C04202;RM
16700905;ETIQUETA DE IMPORTAÇÃO C04203;RM
16700906;ETIQUETA DE IMPORTAÇÃO C04204;RM
16700907;ETIQUETA DE IMPORTAÇÃO C04205;RM
16700908;ETIQUETA DE IMPORTAÇÃO C04206;RM
16700909;ETIQUETA DE IMPORTAÇÃO C04208;RM
16700910;ETIQUETA DE IMPORTAÇÃO C04209;RM
16700911;ETIQUETA DE IMPORTAÇÃO C04211;RM
16700912;AV ADESIVO PREMIO COSMOPOLITAN;RM
16700913;ETIQUETA DE IMPORTAÇÃO C04213;RM
16700914;ETIQUETA DE IMPORTAÇÃO C04214;RM
16700915;AV LUVA XERA BAUME;RM
16700916;AV LUVA XERA CREME;RM
16700917;AV ADSIVO GRATIS SAB CLEANANCE;RM
16700918;AV SABONETEIRA 2014.1;RM
16700919;IND. KIT SABONETEIRA CLEANANCE;RM
16700920;ETIQUETA DE IMPORTAÇÃO C04221;RM
16700921;ETIQUETA DE IMPORTAÇÃO C04224;RM
16700922;CAIXA PAP PIERRE FABRE N° 5;RM
16700923;ETIQUETA DE IMPORTAÇÃO C04225;RM
16700924;AV CAIXA PROMO YSTHEAL 2016;RM
16700925;ETIQUETA DE IMPORTAÇÃO C04226;RM
16700926;AV CAIXA PROMO PHYSIOLIFT 2016;RM
16700927;AV NECES PROMO SERENAGE 2016;RM
16700928;AV CAIXA PROMO SERENAGE 2016.1;RM
16700929;ETIQUETA AV CLEAN EAU MICELL 100ML 8L C04228;RM
16700930;AV ADESIVO DUO TS 50+ 2016.;RM
16700931;AV CX KIT TS + ATA 50ML 2016;RM
16700932;ETIQUETA DE IMPORTAÇÃO C04230;RM
16700933;AV CX KIT DPIGMENT+ATA 50ML;RM
16700934;ETIQUETA AV PHYSIOLIFT EMULSAO 30ML C04231;RM
16700935;ETIQUETA AV PHYSIOLIFT OLHOS 15ML C04232;RM
16700936;ETIQUETA DE IMPORTAÇÃO C04234;RM
16700937;ETIQUETA DE IMPORTAÇÃO C04236;RM
16700938;ETIQUETA DE IMPORTAÇÃO C04238;RM
16700939;ETIQUETA AV PHYSIOLIFT NOITE 30ML C04239;RM
16700940;ETIQUETA DE IMPORTAÇÃO C04291;RM
16700941;ETIQUETA DE IMPORTAÇÃO C04367;RM
16700942;ETIQUETA DE IMPORTAÇÃO C05245;RM
16700943;ETIQUETA DE IMPORTAÇÃO C05494;RM
16700944;ETIQUETA DE IMPORTAÇÃO C22861;RM
16700945;ETIQUETA DE IMPORTAÇÃO  C23200;RM
16700946;ETIQUETA DE IMPORTAÇÃO  C24139;RM
16700947;ETIQUETA DE IMPORTAÇÃO C25485;RM
16700948;ETIQUETA DE IMPORTAÇÃO C25487;RM
16700949;ETIQUETA DE IMPORTAÇÃO  C25769;RM
16700950;ETIQUETA DE IMPORTAÇÃO  C26886;RM
16700951;ETIQUETA DE IMPORTAÇÃO C27611;RM
16700952;ETIQUETA DE IMPORTAÇÃO C28110;RM
16700953;ETIQUETA DE IMPORTAÇÃO C28115;RM
16700954;ETIQUETA DE IMPORTAÇÃO C29182;RM
16700955;AV CAIXA KIT ANTIIDADE 2013.2;RM
16700956;AV CINTA SERENAGE S + CARTEIRA;RM
16700957;AV NECESS. C/ ESPELHO SERENAGE;RM
16700958;ETIQUETA DE IMPORTAÇÃO C29191;RM
16700959;ETIQUETA DE IMPORTAÇÃO C29195;RM
16700960;ETIQUETA DE IMPORTAÇÃO  C29197;RM
16700961;ETIQUETA DE IMPORTAÇÃO C29277;RM
16700962;ETIQUETA AV ANTIROUGEURS FORT 30ML C31074;RM
16700963;ETIQUETA DE IMPORTAÇÃO  C31078;RM
16700964;ETIQUETA DE IMPORTAÇÃO C35379;RM
16700965;ETIQUETA DE IMPORTAÇÃO C35606;RM
16700966;ETIQUETA DE IMPORTAÇÃO C37465;RM
16700967;ETIQUETA DE IMPORTAÇÃO C39102;RM
16700968;ETIQUETA DE IMPORTAÇÃO C39158;RM
16700969;AVENE EMULSÃO 30 TOQUE SECO SP;RM
16700970;AV CX KIT TS FPS30 + ATA 50ML;RM
16700971;ETIQUETA DE IMPORTAÇÃO  C39160;RM
16700972;ETIQUETA DE IMPORTAÇÃO  C39428;RM
16700973;ETIQUETA DE IMPORTAÇÃO C39430;RM
16700974;ETIQUETA DE IMPORTAÇÃO C39431;RM
16700975;ETIQUETA DE IMPORTAÇÃO C39433;RM
16700976;BISNAGA ACTINE SOLAR FPS30  120 ML SLEEVE;RM
16700977;CAIXA PAPELAO 120;RM
16700978;ETIQUETA DUCRAY SHP SENSINOL 200ML BOT BR - P0000288;RM
16700979;ETIQUETA DUCRAY SHP KELUAL DS 100ML BOT BR - P0000289;RM
16700980;CAIXA PAP PIERRE FABRE N° 4;RM
16700981;ETIQUETA DU SQUANORM SEC SHP 200 FAGAR - P0000290;RM
16700982;ETIQUETA DU ANAPHASE SHP 10MLX10NC 7L - P0000291;RM
16700983;ETIQUETA DU SENSINOL SHP 10X10ML 7L - P0000292;RM
16700984;ETIQUETA DUCRAY SHP KERTYOL 15ML BOT S BR - P0000294;RM
16700985;ETIQUETA DU EXTRA DOUX SHP NC10X10ML 7L - P0000296;RM
16700986;ETIQUETA AV HYD CR HYD TTLEG 1MLX10 10L P0000327;RM
16700987;ETIQUETA AV HYD CR HYD TT LEG 40ML FAP P0000330;RM
16700988;ETIQUETA AV CLEANANCE 50+ S/E 5ML 8L P0000333;RM
16700989;LUVA AUTOBRONZEADOR HIDRATANTE 100ML PF AV P0000334;RM
16700990;AV CAIXA KIT CLEANANCE GEL 200 + 60ML 2016;RM
16700991;ETIQUETA DU NUTRICERAT SHP 200ML FAPGAR P0000344;RM
16700992;ETIQUETA AV FLUIDE MIN 50 TT 40ML FEP P0000347;RM
16700993;ETIQUETA DU ANAPHASE PL SHP 10X10ML 7L P0000357;RM
16700994;ETIQUETA DU ANAPHASE PL SHP 200ML FAARP P0000358;RM
16700995;ETIQUETA DU ANAPHASE PL SHP 100ML 7L P0000359;RM
16700996;ETIQUETA AV YSTHEAL CR DERMATO 3ML 8L P0000360;RM
16700997;ETIQUETA AV YSTHEAL INTENSE 30ML FEP P0000361;RM
16700998;ETIQUETA DU ANAPHASE AP SHP 200ML FAPAR P0000363;RM
16700999;ETIQUETA DU EXTRA DOUX SHP 200ML FAARP P0000364;RM
16701000;ETIQUETA AV PHYSIOLIFT COMB RIDE 2ML 8L P0000365;RM
16701001;LUVA PHYSIOLIFT PRECISION;RM
16701002;ETIQUETA DU KELUAL DS SHP 10ML 7L P0000367;RM
16701003;ETIQUETA DU SENSINOL SERUM 30ML FAHP P0000395;RM
16701004;ETIQUETA DU KERTYOL PSO SHPNC125MLFAEAR P0000396;RM
16701005;ETIQUETA DU NEOPTIDE LOT 3X30ML NC FEP P0000397;RM
16701006;ETIQUETA DU ANAPHASE SHP 200ML NC FAGAR P0000399;RM
16701007;ETIQUETA DU NUTRICER MASQ 150 SP FAPGAR P0000400;RM
16701008;ETIQUETA DU EXTRA DOUX SHP 75ML 7L P0000401;RM
16701009;ETIQUETA DU SHP EXTRA DOUX 300ML FAGAR P0000402;RM
16701010;ETIQUETA DU ANAPHASE SHP 15ML NC 7L P0000435;RM
16701011;CAIXA A-016 C/DIVISORIAS;RM
16701012;DISODIUM COCOAMPHODIACETATE;RM
16701013;SODIUM LAUROYL SARCOSINATE;RM
16701014;CETEARETH 60 MYRISTYL GLYCOL;RM
16701015;POLYSORBATE 20;RM
16701016;DECIL GLUCOSIDEO;RM
16701017;ROTULO ACTINE CONTROL SAB LIQ;RM
16701018;CONTRA RÓTULO ACTINE CONTROL SAB LIQ;RM
16701019;ESTRUTURA ACTINE CONTROL SAB LIQ;RM
16701020;CARTUCHO ACTINE CONTROL SAB BARRA 80G;RM
16701021;AL DS SHP 10X10ML:7L - P0000522;RM
16701022;FLOW PACK ACTINE CONTROL SAB BARRA 16G P DW;RM
16701023;GRANEL CLEANANCE SOLAR FPS 30;RM
16701024;BISNAGA CLEANANCE SOLAR SPF 30;RM
16701025;CARTUCHO CLEANANCE SOLAR SPF 30;RM
16701026;SACHE CLEANANCE SOLAR FPS30 3ML PF AV;RM
16701027;GRANEL CLEANANCE SOLAR FPS 50;RM
16701028;SACHE CLEANANCE SOLAR FPS50+ 3ML PF AV;RM
16701029;CARTUCHO CLEANANCE SOLAR FPS50+ 50ML PF AV;RM
16701030;BISNAGA CLEANANCE SOLAR FPS 50;RM
16701031;ESTRUTURA CLEANANCE GEL 5;RM
16701032;BISNAGA CLEANANCE GEL 60ML PF AV;RM
16701033;BISNAGA CLEANANCE GEL 150;RM
16701034;CAIXA PAP 150;RM
16701035;FRASCO CLEANANCE GEL 300;RM
16701036;CAIXA PAP 300;RM
16701037;HUILE AMANDE DOUCE RAFFINEE;RM
16701038;L - SERINE;RM
16701039;BASE SYNDET MI HS 27/21;RM
16701040;NOYAU ETA GLYCERINE;RM
16701041;FLOW PACK CLEANANCE HYDRA PAIN  SAB BARRA;RM
16701042;ZINC COCETH SULFATE;RM
16701043;NA LAUROYL METHYL ISETHIONATE;RM
16701044;SODIUM COCOAMPHOACETATE;RM
16701045;BENZOATE SODIUM;RM
16701046;PARF. PF617565 E1302515/01 AV;RM
16701047;COL JAUNE CI 19410;RM
16701048;1707 - ÁCIDO CÍTRICO MONOHIDRATADO;RM
16701049;COL VERT TURQUOISE CI 61570;RM
16701050;ZINC GLUCONATE;RM
16701051;COL JAUNE CI 19410;RM
16701052;CHLORURE SODIUM DESULFATE;RM
16701053;BISNAGA ACTINE CONTROL SAB LIQ 60ML SLEEVE;RM
16701054;BISNAGA SKIN SEC LOÇÃO PERFUME SUAVE;RM
16701055;CAIXA PAP 200;RM
16701056;BISNAGA SKIN SEC LOÇÃO S/ PARF;RM
16701057;FRASCO SKIN SEC LOÇÃO;RM
16701058;VALVULA SKIN SEC LOÇÃO;RM
16701059;CAIXA PAP 400;RM
16701060;NEO HELIOPAN HYDRO;RM
16701061;EMULGINVL 75;RM
16701062;DUB ININ;RM
16701063;UVINUL A PLUS;RM
16701064;ESCALOL HMS;RM
16701065;UVINUL T 150;RM
16701066;UVINUL N539T;RM
16701067;TINOGARD TS;RM
16701068;BTH;RM
16701069;PEMULEN TR2;RM
16701070;MSS 500 3H SILICA;RM
16701071;RONACARE AP;RM
16701072;INDUSTRIALIZAÇÃO ACTINE PROTETOR SOLAR FPS70;RM
16701073;ETHYLHEXYL METHOXYCINNAMATE;RM
16701074;BISETHYLHEXYLOXYPHENOL METHO.;RM
16701075;AMIDON MAIS MODIFIE DRY FLO PC;RM
16701076;ETIQUETA ANACAPS 5GE ECH BR P0000636;RM
16701077;ETIQUETA DU ANAPHASE AP SHP 10X10ML 7L P0000637;RM
16701078;AV ADESIVO KIT DUO TS 30 COM COR;RM
16701079;CAIXA DUO LOÇÃO MICELAR;RM
16701080;MANTEIGA DE KARITE SB45;RM
16701081;DIOXIDO DE TITANIO;RM
16701082;SODIUM COCOYL ISETHIONATE MEL;RM
16701083;WHITE BEESWAX;RM
16701084;CETYL ALCOHOL;RM
16701085;STEARATE GLYCERYL SG;RM
16701086;HUILE PALME ETHOXYLEE;RM
16701087;PARF. SURGRAS 401439 E1301981;RM
16701088;CAIXA KIT DUO XERA BAUME 2016;RM
16701089;CAIXA KIT DUO XERA CREME 2016;RM
16701090;BERÇO KIT DUO CLEAN BARRA 80 GR;RM
16701091;CAIXA KIT DUO CLEAN GEL 200 ML;RM
16701092;AV SOLAR EMULSAO NF FPS50 50ML;RM
16701093;ADESIVO DUO EMULSÃO 50+;RM
16701094;CARTUCHO KIT ANACAPS NOVO VISUAL;RM
16701095;CAIXA PAP PIERRE FABRE N° 9;RM
16701096;DU ADESIVOS KIT ANACAPS;RM
16701097;ETIQUETA AV TE CREME DEFI 50ML FA CHINE P0000802;RM
16701098;ETIQUETA TRIACNEAL EXPERT 30ML;RM
16701099;LUVA AVTRIX NUTRITION LAIT200ML FA P0000804;RM
16701100;ETIQUETA AVTRIX NUTRITION LAIT10ML 8L P0000805;RM
16701101;LUVA AVTRIX NUTRITION BAUME200ML FA P0000806;RM
16701102;ETIQUETA AVTRIX NUTRITION BAUME10ML 8L P0000807;RM
16701103;ETIQUETA AV TRIACNEAL EXPERT 5ML 8L P0000923;RM
16701104;DW BERÇO ACTINE CONTROL DUO 2016;RM
16701105;DU CAIXA KIT ANAPHASE+;RM
16701106;CAIXA KIT ANAPHASE P DU;RM
16701107;ALCOOL HIDRATADO DE CEREAIS;RM
16701108;622384 ASCORBYL GLUCOSIDE;RM
16701109;INDUSTRIALIZAÇÃO AQUA FLUIDO COM COR MAT PERFECT;RM
16701110;INDUSTRIALIZAÇÃO AQUA FLUIDO ULTRA MAT 30;RM
16701111;INDUSTRIALIZAÇÃO FLUIDO COM COR MAT PERFECT;RM
16701112;INDUSTRIALIZAÇÃO FLUIDO ULTRA MAT 60;RM
16701113;PENTANOATE NEO ISODECYL;RM
16701114;CETEARYL ISONONANOATE;RM
16701115;SILICE COLLOIDALE V300;RM
16701116;PARF TROPIQUE 53259 ( 403929);RM
16701117;INDUSTRIALIZAÇÃO CLEANANCE SOLAR FPD30;RM
16701118;CAIXA KIT BARRA SABONETEIRA 2017;RM
16701119;SABONETEIRA CLEAN BARRA;RM
16701120;DW CAIXA KIT ACTINE SOLAR + CONTROL;RM
16701121;DW CAIXA KIT ACTINE DUO 240ML;RM
16701122;CAIXA KIT EXTRA DOUX;RM
16701123;ETIQUETA KIT DUO TS70;RM
16701124;CAIXA KIT KELUAL DS + EXTRA DOUX;RM
16701125;DW CAIXA KIT SKINSEC LOCAO CP+BARRA;RM
16701126;DW ADSVO TRANSP REDON 2,5 2016;RM
16701127;BERÇO CAIXA KIT TS 70 C COR E ATA 50;RM
16701128;CAIXA KIT TS 70 C COR E ATA 50;RM
16701129;BERÇO KIT EMULSAO F70 COR 50ML + ATA 50ML;RM
16701130;CARTUCHO KIT EMULSAO F70 COR 50ML + ATA 50ML;RM
16701131;GRANEL AVENE TOQUE SECO FPS70;RM
16701132;BISNAGA AVENE SOLAR TS FPS70;RM
16701133;CARTUCHO AVENE SOLAR TS FPS70;RM
16701134;GRANEL AVENE TOQUE SECO FPS70 COLOR;RM
16701135;BISNAGA AVENE SOLAR TS FPS70 COLOR;RM
16701136;CARTUCHO AVENE SOLAR TS FPS70 COLOR;RM
16701137;ÁCIDO SALICÍLICO MERCK;RM
16701138;DW CAIXA KIT ACTINE DUO 140ML;RM
16701139;ECOEXTRACT ALOE VERA;RM
16701140;691861 - Trisodiumethylenediamine Disuccinate;RM
16701141;ESS. CALMING THERAPY EAF24392;RM
16701142;692539 - MIRACARE SLB 205 W;RM
16701143;117318 - COCAMIDE MONOISOPROPOLAMIDE;RM
16701144;INDUSTRIALIZAÇÃO GRANEL DOCTAR SHAMPOO NF;RM
16701145;CARTUCHO CLEANANCE HYDRA PAIN SAB BARRA;RM
16701146;FLOW PACK CLEANANCE BARRA 80G;RM
16701147;CARTUCHO TRIXERA SABONETE BARRA FAMILIA 80G P AV;RM
16701148;BULA TRIXERA SABONETE BARRA AV P;RM
16701149;FLOW PACK TRIXERA SABONETE BARRA 16G P AV;RM
16701150;ETQ. TESTER VENDA PROIBIDA;RM
16701151;ETQ. TESTER VENDA PROIBIDA;RM
16701152;CAIXA KIT TS30 + CLEANANCE AGUA 100ML;RM
16701153;CAIXA KIT CLEANANCE FPS50+CLEAN BARRA 80G;RM
16701154;ADESIVO CAIXA KIT SOLAR CLEANANCE 50;RM
16701155;ESTRUTURA AVENE SOLAR TS FPS70;RM
16701156;ESTRUTURA AVENE SOLAR TS FPS70 COLOR;RM
16701157;SKIN SEC  HIDRATANTE LABIAL;RM
16701158;ETIQUETA DU KELUAL DSSHP100ML FAARP R17 P0001894;RM
16701159;ETIQUETA TS70 SEM COR;RM
16701160;CAIXA KIT TS70 SEM COR E CLEAN GEL60;RM
16701161;1702 VASELINA BRANCA QUALIDADE A;RM
16701162;PARAFINA LIQUIDA;RM
16701163;12748 ÁCIDO ESTEÁRICO 50 PASTILHAS;RM
16701164;1826 HUILE SILICONE DM350;RM
16701165;6444 MACROGOL 600P;RM
16701166;1836 TRIETANOLAMINA;RM
16701167;110858 ETHYLHEXYLGLYCERINE;RM
16701168;613925 PENTYLENE GLYCOL;RM
16701169;SEPINEO P600;RM
16701170;23462 CARBOPOL 980;RM
16701171;INDUST GRANEL DEXERYL CREME;RM
16701172;ALANTOÍNA;RM
16701173;CARBOPOL U20;RM
16701174;DIBUTYL ADIPATE;RM
16701175;DC EP 9801 HIDRO COSMETIC POWDER;RM
16701176;DIÓXIDO DE TITÂNIO MICRO;RM
16701177;COCO-CAPRYLATE/CAPRATE;RM
16701178;SODIUM STEAROYL GLUTAMATE;RM
16701179;METHILAN GMS AE;RM
16701180;PEMULEN TR-1;RM
16701181;SENSIVA SC 10;RM
16701182;SEPICONTROL A5;RM
16701183;SEPIMAT CP 5;RM
16701184;SKIN COLOR AMARELO 6;RM
16701185;SKIN COLOR CARAMELO;RM
16701186;SKIN COLOR MÉDIO ESCURO;RM
16701187;NYLON 12;RM
16701188;INDUST GRANEL ACTINE SOLAR FPS30 COLOR;RM
16701189;INDUST GRANEL ACTINE SOLAR FPS30 COLOR PELE MORENA;RM
16701190;P REFINYL BSP;RM
16701191;TEGOSOFT GM6;RM
16701192;HEXILENEGLICOL;RM
16701193;SACHE AQUA-FLUIDO COM COR MAT PERFECT 30 3ML PF AV;RM
16701194;BISNAGA AQUA-FLUIDO COM COR MAT PERFECT 30 50ML PF AV;RM
16701195;CARTUCHO AQUA-FLUIDO COM COR MAT PERFECT 30 50ML PF AV;RM
16701196;CAIXA BISNAGA 50ML D30 C/CART 12UN;RM
16701197;SACHE AQUA-FLUIDO MAT PERFECT 30 3ML PF AV;RM
16701198;BISNAGA AQUA-FLUIDO MAT PERFECT 30 50ML PF AV;RM
16701199;CARTUCHO AQUA-FLUIDO MAT PERFECT 30 50ML PF AV;RM
16701200;ESTRUTURA CLEANANCE SOLAR FPS30;RM
16701201;BISNAGA CLEANANCE SOLAR FPS30 50ML PF AV;RM
16701202;CARTUCHO CLEANANCE SOLAR FPS30 50ML PF AV;RM
16701203;SACHE FLUIDO COM COR MAT PERFECT 60 3ML PF AV;RM
16701204;BISNAGA FLUIDO COM COR MAT PERFECT 60 50ML PF AV;RM
16701205;CARTUCHO FLUIDO COM COR MAT PERFECT 60 50ML PF AV;RM
16701206;SACHE FLUIDO MAT PERFECT 60 3ML PF AV;RM
16701207;BISNAGA FLUIDO MAT PERFECT 60 50ML PF AV;RM
16701208;CARTUCHO FLUIDO MAT PERFECT 60 50ML PF AV;RM
16701209;GRANEL AV TRIXERA BAUME;RM
16701210;SACHE TRIXERA NUTRI-FLUIDA 10ML PF AV;RM
16701211;FRASCO TRIXERA NUTRI-FLUIDA 400ML PF AV;RM
16701212;VÁLVULA BICO DE PATO 28/410 BRANCA C/ CLIP;RM
16701213;CAIXA FRASCO 400ML SEM CARTUCHO 12UN;RM
16701214;BISNAGA TRIXERA NUTRI-FLUIDA 200ML PF AV;RM
16701215;CAIXA BISNAGA 200ML SEM CARTUCHO 12UN;RM
16701216;GRANEL AV TRIXERA LAIT;RM
16701217;SACHE TRIXERA HYDRA-FLUIDA 10ML PF AV;RM
16701218;BISNAGA TRIXERA HYDRA-FLUIDA 200ML PF AV;RM
16701219;FRASCO TRIXERA HYDRA-FLUIDA 400ML PF AV;RM
16701220;VÁLVULA TRIXERA HYDRA-FLUIDA CORAL PF AV;RM
16701221;FRASCO ACTINE MICELAR 10ML AG P DW;RM
16701222;INDUST ACTINE LOÇÃO MICELAR 10ML;RM
16701223;FRASCO ACTINE MICELAR 200ML P DW;RM
16701224;SACHE ACTINE SOLAR PELE CLARA FPS30 5ML;RM
16701225;BISNAGA ACTINE SOLAR PELE CLARA FPS30 50ML P DW;RM
16701226;CARTUCHO ACTINE SOLAR PELE CLARA FPS30 50ML P DW;RM
16701227;BISNAGA ACTINE SOLAR PELE MORENA FPS30 50ML P DW;RM
16701228;CARTUCHO ACTINE SOLAR PELE MORENA FPS30 50ML P DW;RM
16701229;SACHE ACTINE SOLAR PELE MORENA FPS30 5ML P DW;RM
16701230;SACHE ACTINE SOLAR FPS70 5ML P DW;RM
16701231;BISNAGA ACTINE SOLAR FPS70 50ML P DW;RM
16701232;CARTUCHO ACTINE SOLAR FPS70 50ML P DW;RM
16701233;ESTRUTURA DOCTAR SENSI SHAMPOO 8ML P DW;RM
16701234;BISNAGA DOCTAR SENSI SHAMPOO 120ML P DW;RM
16701235;ESTRUTURA ANAPHASE SHAMPOO 8ML PF DU;RM
16701236;DU GRANEL ANAPHASE SHAMPOO;RM
16701237;ESTRUTURA EXTRA-DOUX SHAMPOO 8ML PF DU;RM
16701238;DU GRANEL EXTRA DOUX   SHAMPOO;RM
16701239;ESTRUTURA KELUAL DS SHAMPOO 8ML PF DU;RM
16701240;DU GRANEL KELUAL DS SHAMPOO;RM
16701241;GRANEL DUCRAY KERACNYL FOAMING GEL;RM
16701242;ESTRUTURA KERACNYL GEL 5ML PF DU;RM
16701243;BISNAGA KERACNYL GEL 60ML PF DU;RM
16701244;BISNAGA KERACNYL GEL 150ML PF DU;RM
16701245;ESTRUTURA KERTYOL PSO SHAMPOO 8ML PF DU;RM
16701246;DU GRANEL KERTYOL PSO SHAMPOO;RM
16701247;ESTRUTURA SENSINOL SHAMPOO 8ML PF DU;RM
16701248;DU GRANEL SENSINOL SHAMPOO;RM
16701249;ESTRUTURA SQUANORM SHAMPOO 8ML PF DU;RM
16701250;DU GRANEL SQUANORM  SHAMPOO PELLICULES SÈCHES;RM
16701251;ETIQUETA DE IMPORTAÇÃO P0001477;RM
16701252;ETIQUETA DE IMPORTAÇÃO P0001478;RM
16701253;ETIQUETA DU NUTRIC MASQ 150ML FAARP R17 P0001547;RM
16701254;SACHE SUNSAFE PROT SOLAR FPS60 3ML P DW;RM
16701255;SACHE SUNSAFE PROT SOLAR FPS60 COLOR 3ML P DW;RM
16701256;SACHE NUTRIOL LOÇÃO HIDRATANTE C/ PERF 8ML NCG18 P DW;RM
16701257;BISNAGA NUTRIOL LOÇÃO HIDRATANTE C/ PERF 200ML NCG18 P DW;RM
16701258;SACHE NUTRIOL LOÇÃO HIDRATANTE S/ PERF 8ML NCG18 P DW;RM
16701259;BISNAGA NUTRIOL LOÇÃO HIDRATANTE S/ PERF 200ML NCG18 P DW;RM
16701260;FRASCO NUTRIOL LOÇÃO HIDRATANTE S/ PERF 400ML NCG18 P DW;RM
16701261;VÁLVULA BICO DE PATO 28/410 AZUL C/CLIP;RM
16701262;SACHE DOCTAR SHAMPOO 8ML NCG18 P DW;RM
16701263;TAMPA FLIP TOP 24/410 BRANCA LUPLASTIC DARROW 140ML DW;RM
16701264;ROTULO DOCTAR SHAMPOO 140ML NCG18 P DW;RM
16701265;CONTRA-ROTULO DOCTAR SHAMPOO 140ML NCG18 P DW;RM
16701266;FLOW PACK SUAVIE SAB BARRA 16G NCG18 P DW;RM
16701267;CARTUCHO SUAVIE SAB BARRA 80G NCG18 P DW;RM
16701268;SACHE SUAVIE SAB LIQUIDO 5ML NCG18 P DW;RM
16701269;BISNAGA SUAVIE SAB LIQUIDO 60ML NCG18 P DW;RM
16701270;ROTULO SUAVIE SAB LIQUIDO 140ML NCG18 P DW;RM
16701271;CONTRA-ROTULO SUAVIE SAB LIQUIDO 140ML NCG18 P DW;RM
16701272;SLEEVE PET TRANSPARENTE;RM
16701273;FLOW PACK NUTRIOL SAB BARRA 16G NCG18 P DW;RM
16701274;CARTUCHO NUTRIOL SAB BARRA 80G NCG18 P DW;RM
16701275;SACHE NUTRIOL SAB LIQUIDO 5ML NCG18 P DW;RM
16701276;CONTRA-ROTULO NUTRIOL SAB LIQUIDO 140ML NCG18 P DW;RM
16701277;ROTULO NUTRIOL SAB LIQUIDO 140ML NCG18 P DW;RM
16701278;BISNAGA ACTINE TRAT 30G NCG18 P DW;RM
16701279;CARTUCHO ACTINE TRAT 30G NCG18 P DW;RM
16701280;SACHE ACTINE TRAT 3G NCG18 P DW;RM
16701281;SACHE SUNSAFE PROT SOLAR FPS30 3ML NCG18 P DW;RM
16701282;CARTUCHO SUNSAFE PROT SOLAR FPS30 50ML NCG18 P DW;RM
16701283;BISNAGA SUNSAFE PROT SOLAR FPS30 50ML NCG18 P DW;RM
16701284;SACHE SUNSAFE PROT SOLAR FPS30 COLOR 3ML NCG18 P DW;RM
16701285;CARTUCHO SUNSAFE PROT SOLAR FPS30 COLOR 50ML NCG18 P DW;RM
16701286;BISNAGA SUNSAFE PROT SOLAR FPS30 COLOR 50ML NCG18 P DW;RM
16701287;CARTUCHO SUNSAFE PROT SOLAR FPS60 50ML NCG18 P DW;RM
16701288;BISNAGA SUNSAFE PROT SOLAR FPS60 50ML NCG18 P DW;RM
16701289;CARTUCHO SUNSAFE PROT SOLAR FPS60 COLOR 50ML NCG18 P DW;RM
16701290;BISNAGA SUNSAFE PROT SOLAR FPS60 COLOR 50ML NCG18 P DW;RM
16701291;SACHE ACTINE ESFOLIANTE 5G NCG18 P DW;RM
16701292;BISNAGA ACTINE ESFOLIANTE 60G NCG18 P DW;RM
16701293;FLOW PACK ACTINE CONTROL SAB BARRA NF 16G P DW;RM
16701294;NANOMELALEUCA LV N;RM
16701295;SACHE ACTINE CONTROL SAB LIQUIDO 5ML NCG18 P DW;RM
16701296;CARTUCHO ACTINE CONTROL SAB BARRA NF 80G P DW;RM
16701297;BISNAGA ACTINE CONTROL SAB LIQUIDO 60ML NCG18 P DW;RM
16701298;CONTRA-ROTULO ACTINE CONTROL SAB LIQUIDO 140ML NCG18 P DW;RM
16701299;ROTULO ACTINE CONTROL SAB LIQUIDO 140ML NCG18 P DW;RM
16701300;FLOW PACK ACTINE SAB BARRA 16G NCG18 P DW;RM
16701301;CARTUCHO ACTINE SAB BARRA 80G NCG18 P DW;RM
16701302;BISNAGA ACTINE SAB LIQUIDO 60ML NCG18 P DW;RM
16701303;ROTULO ACTINE SAB LIQUIDO 140ML NCG18 P DW;RM
16701304;CONTRA-ROTULO ACTINE SAB LIQUIDO 140ML NCG18 P DW;RM
16701305;SACHE ACTINE SAB LIQUIDO 5ML NCG18 P DW;RM
16701306;CONTRA-ROTULO ACTINE SAB LIQUIDO 240ML NCG18 P DW;RM
16701307;ROTULO ACTINE SAB LIQUIDO 240ML NCG18 P DW;RM
16701308;FRASCO ACTINE SAB LIQ 400ML P DW;RM
16701309;FLOW PACK SOAPELLE SAB BARRA 16G NCG18 P DW;RM
16701310;CARTUCHO SOAPELLE SAB BARRA 80G NCG18 P DW;RM
16701311;SACHE SOAPELLE SAB LIQUIDO 5ML NCG18 P DW;RM
16701312;CONTRA-ROTULO SOAPELLE SAB LIQUIDO 140ML NCG18 P DW;RM
16701313;ROTULO SOAPELLE SAB LIQUIDO 140ML NCG18 P DW;RM
16701314;ETIQUETA DU KERT.PSO SHP125ML FAARP M17 P0001810;RM
16701315;ETIQUETA DU ANAPHAS APSH200ML FAARP R17 P0001811;RM
16701316;ETIQUETA DU ANAPHAS SHP 200ML FAARP R17 P0001812;RM
16701317;ETIQUETA DU ANAPHAS SHP 100ML 7L R17 P0001813;RM
16701318;ETIQUETA DU SENSIN SHP 200ML FAARP R17 P0001816;RM
16701319;ETIQUETA DU SQUANOSEC SHP200ML FAARPR17 P0001817;RM
16701320;SACHE KLINSE SHAMPOO 8ML NCG18 P DW;RM
16701321;ROTULO KLINSE SHAMPOO 140ML NCG18 P DW;RM
16701322;CONTRA-ROTULO KLINSE SHAMPOO 140ML NCG18 P DW;RM
16701323;TAMPA FLIP TOP 24/410 AZUL LUPLASTIC DARROW 140ML DW;RM
16701324;SACHE KLINSE NEUTRO SHAMPOO 8ML NCG18 P DW;RM
16701325;ROTULO KLINSE NEUTRO SHAMPOO 140ML NCG18 P DW;RM
16701326;CONTRA-ROTULO KLINSE NEUTRO SHAMPOO 140ML NCG18 P DW;RM
16701327;SACHE ACTINE PROT SOLAR FPS30 3ML NCG18 P DW;RM
16701328;SACHE ACTINE PROT SOLAR FPS30 3ML NR P DW;RM
16701329;BISNAGA ACTINE PROT SOLAR FPS30 60ML NR P DW;RM
16701330;CARTUCHO ACTINE PROT SOLAR FPS30 60ML NR P DW;RM
16701331;BISNAGA ACTINE PROT SOLAR FPS30 120ML NR P DW;RM
16701332;SACHE DOCTAR CREME 5ML NCG18 P DW;RM
16701333;BISNAGA DOCTAR CREME 100ML NCG18 P DW;RM
16701334;CARTUCHO DOCTAR CREME 100ML NCG18 P DW;RM
16701335;CAIXA BISNAGA 100ML C/CART 12UN;RM
16701336;FRASCO ACTINE LOÇÃO ADSTRINGENTE 190ML NCG18 P DW;RM
16701337;ETIQUETA DU NUTRIC SHP 200ML FAARP M17 P0001852;RM
16701338;ETIQUETA DU SABAL SHP 200ML FAARP M17 P0001853;RM
16701339;ETIQUETA DU NUTRIC SHP 30ML 7L M17 P0001854;RM
16701340;ETIQUETA DU EXTRA DOUX SHP 200ML FAARP P0001889;RM
16701341;ETIQUETA DU KERTYOL PSO SHP 15ML 7L M17 P0001890;RM
16701342;ETIQUETA DU CREASTIM 2X30ML FAARP R17 P0001892;RM
16701343;ETIQUETA DU SQUANO ZCLOT200ML FAARP R17 P0001893;RM
16701344;ETIQUETA DU NEOPTIDE FEM 90ML FAARP R17 P0001897;RM
16701345;BISNAGA ANAPHASE SHAMPOO 200ML PEF DU;RM
16701346;BISNAGA ANAPHASE SHAMPOO 100ML PEF DU;RM
16701347;CAIXA BISNAGA 100ML D40 S/CART 12UN;RM
16701348;ETIQUETA Nº DE PROC. D-PIGMENT SERUM AVÈNE;RM
16701349;SACHE SUNSAFE PROT SOLAR FPS60 3ML NCG18 P DW;RM
16701350;SACHE SUNSAFE PROT SOLAR FPS60 COLOR 3ML NCG18 P DW;RM
16701351;ETIQUETA AV ETA COLLECTOR 18 REVEUSE  P0001988;RM
16701352;LUVA CICALFATE CREME 15ML PF AV P0001989;RM
16701353;ETIQUETA AV ANTIOX SERUM SAC2MLx10 FYAY P0001990;RM
16701354;LUVA A-OXITIVE;RM
16701355;CAIXA KIT LOÇÃO MICELAR 200ML + HYDRANCE PERFECTOR;RM
16701356;EMBALAGEM KIT ANAC + ANAP;RM
16701357;CAIXA DE EMBARQUE 350 x 245 x 152;RM
16701358;CARTUCHO KIT ANACAPS 30C + ANAPHASE SHP 100ML;RM
16701359;CAIXA KIT DUO LOÇÃO MICELAR 200ML;RM
16701360;CARTUCHO KELUAL DS SHAMPOO 100ML PEF DU;RM
16701361;BISNAGA KELUAL DS SHAMPOO 100ML PEF DU;RM
16701362;CARTUCHO KERTYOL PSO SHAMPOO 100ML PEF DU;RM
16701363;BISNAGA KERTYOL PSO SHAMPOO 100ML;RM
16701364;CAIXA KIT CLEANANCE GEL 150 E 60ML;RM
16701365;CARTUCHO KIT CLEANANCE GEL 150ML + 60ML;RM
16701366;692920 OTZ 10;RM
16701367;25755 PVP/EICOSENE COPM 30-70;RM
16701368;692495 1,2 HEXANEDIOL;RM
16701369;692675 PARF. PF403929 E130277705;RM
16701370;693137 CAPR.GLY 1 / ETA 99;RM
16701371;INDUSTRIALIZAÇÃO GRANEL CLEANANCE 50+;RM
16701372;692542 ASCOPHYSCIENT;RM
16701373;INDUSTRIALIZAÇÃO AV GRANEL CREME 50+  ANTI AGE;RM
16701374;DW CAIXA KIT ACTINE 400ML + SUNSAFE 60 COLOR;RM
16701375;CAIXA DE EMBARQUE 390 x 286 x 202;RM
16701376;DW CAIXA KIT ACTINE TRAT + SUNSAFE 60;RM
16701377;DW ETIQUETA CAIXA KIT ACTINE TRAT + SUNSAFE;RM
16701378;FLOW PACK TRIXERA SABONETE BARRA FAMILIA 16G P AV;RM
16701379;BERÇO CAIXA KIT TS 70 E REFLEXE 50;RM
16701380;CAIXA KIT TS 70 E REFLEXE 50;RM
16701381;ETIQUETA AV PHYSIOLIFT EMULJOUR 30ML FEP P0002275;RM
16701382;ETIQUETA DU DENSIAGE AP SHP 200ML FAARP P0002276;RM
16701383;ETIQUETA DU DENSIAGE SHP 200ML FAARP P0002277;RM
16701384;ETIQUETA AV PHYSIOLIFT BAUMENUIT 30 FEP P0002278;RM
16701385;ETIQUETA DU DENSIAGE SERUM 3X30ML FAARP P0002308;RM
16701386;ETIQUETA DU DENSIAGE AP SHP 10X10ML 7L P0002369;RM
16701387;ETIQUETA DU DENSIAGE SHP 10X10ML 7L P0002371;RM
16701388;INDUSTRIALIZAÇÃO GRANEL ACTINE ANTI ACNE FPS30;RM
16701389;INDUSTRIALIZAÇÃO GRANEL ACTINE ANTI ACNE FPS60;RM
16701390;ROTULO ACTINE SAB LIQUIDO 240ML 20% P DW;RM
16701391;CONTRA-ROTULO ACTINE SAB LIQUIDO 240ML 20% P DW;RM
16701392;AV GRANEL PHYSIOLIFT CREME NOITE;RM
16701393;ESTRUTURA PHYSIOLIFT NUIT 2ML PF AV;RM
16701394;AV GRANEL PHYSIOLIFT CREME PARA OLHOS;RM
16701395;ESTRUTURA PHYSIOLIFT YEUX 2ML PF AV;RM
16701396;ESTRUTURA FLUIDO ANTI ACNE MAT P FPS60 3G PF AV;RM
16701397;BISNAGA FLUIDO ANTI ACNE MAT P FPS60 40G PF AV;RM
16701398;CARTUCHO FLUIDO ANTI ACNE MAT P FPS60 40G PF AV;RM
16701399;12242 HUILE CARTHAME HYBRIDE;RM
16701400;113636 HUILE ONAGRE;RM
16701401;408000 HUILE OLIVE VIERGE;RM
16701402;620681 HUILE CAMELINE;RM
16701403;692531 PARF SOIN PRECIEUX E_1126170;RM
16701404;ESTRUTURA NUTRIOL HIDRAT C/ PERF SP 8ML P DW;RM
16701405;BISNAGA NUTRIOL HIDRAT C/ PERF SP 200ML P DW;RM
16701406;FRASCO NUTRIOL HIDRAT S/ PERF SP 400ML P DW;RM
16701407;ESTRUTURA NUTRIOL HIDRAT S/ PERF SP 8ML P DW;RM
16701408;BISNAGA NUTRIOL HIDRAT S/ PERF SP 200ML P DW;RM
16701409;ESTRUTURA ACTINE MASCARA ESFOLIANTE 5ML P DW;RM
16701410;BISNAGA ACTINE SOLAR ANTI ACNE FPS60 40G P DW;RM
16701411;CARTUCHO ACTINE SOLAR ANTI ACNE FPS60 40G P DW;RM
16701412;ESTRUTURA ACTINE SOLAR ANTI ACNE FPS60 3G P DW;RM
16701413;BISNAGA ACTINE SOLAR ANTI ACNE FPS30 40G P DW;RM
16701414;CARTUCHO ACTINE SOLAR ANTI ACNE FPS30 40G P DW;RM
16701415;ESTRUTURA ACTINE SOLAR ANTI ACNE FPS30 3G P DW;RM
16701416;DW CAIXA KIT ACTINE 140ML + 60 ML GRÁTIS;RM
16701417;CAIXA PAP 230 x 230 x 178;RM
16701418;CARTUCHO KIT ACTINE SAB LIQ 140ML + 60ML;RM
16701419;C47-060 SUNCROMA TITANIUM DIOXIDE;RM
16701420;8301 CETEARETH-20;RM
16701421;10101 HECTORITE;RM
16701422;IMERCARE 2KS;RM
16701423;119992 AMINO CHELATE ZINC 20%;RM
16701424;603101 DEXPANTHENOL;RM
16701425;629928 EAU DISTILLEE HAMAMELIS;RM
16701426;692528 PARF.EVANESCENCE E_1116944/01;RM
16701427;692799 CELLULOSE ACETATE 300;RM
16701428;692800 CELLULOSE ACETATE 500;RM
16701429;692899 UNICERT BLUE 05601 J;RM
16701430;692900 UNICERT GREEN 06503-J;RM
16701431;692905 COL.FD&C YELLOW 5 CI19140;RM
16701432;INDUSTRIALIZAÇÃO ACTINE MASCARA ESFOLIANTE;RM
16701433;CAIXA KIT TRIO ANACAPS NOVO;RM
16701434;LUVA PHYSIOLIFT SERUM 30ML PF AV P0002611;RM
16701435;ETIQUETA AV PHYSIOLIFT SERUM 3ML 8L P0002612;RM
16701436;AV FL MIN 50 TT 2MLx10 8L;RM
16701437;CARTUCHO ACTINE SAB BARRA 20% 80G  DW;RM
16701438;ROTULO DOCTAR SHAMPOO 140ML 20% P DW;RM
16701439;CONTRA-ROTULO DOCTAR SHAMPOO 140ML 20% P DW;RM
16701440;BISNAGA EMULSÃO SOLAR TOQUE SECO COR FPS70 40G PF AV;RM
16701441;CARTUCHO EMULSÃO SOLAR TOQUE SECO COR FPS70 40G PF AV;RM
16701442;FOLHETO EXPLICATIVO AVENE SOLAR PEF AV;RM
16701443;BISNAGA EMULSÃO SOLAR TOQUE SECO FPS70 40G PF AV;RM
16701444;CARTUCHO EMULSÃO SOLAR TOQUE SECO FPS70 40G PF AV;RM
16701445;INBP70U;RM
16701446;INBP55EY;RM
16701447;INBP75ER;RM
16701448;INBP75EB;PROD