0108009,HUILE COCO RAFFINEE
0226405,CARBOPOL 981
0226404,HIDRÓXIDO DE SÓDIO MERCK
0108077,GLICERINA PURA OLEON
0240703,PARAFINA LIQUIDA
1027108,INDUST. SKIN SEC LOÇÃO GRANEL
0226402,2 PHENOXYETHANOL
0226401,NIPAGIN CLARIANT
0226400,NIPAZOL CLARIANT
0108060,PARF TRENDRESSE U293496
0108051,EXTRAIT FLUI BOURGEON PEUPLIER
0226409,ALPHA TOCOPHERYLE ACETATE Z
0226406,SQUALENO VEGETAL
0108037,ARLACEL 2121-FL
0226408,CETEARYL ALC/CETEARYL MEL
0108022,WAGLINOL 6016
0226407,SILOXANE CYCLOPENTA CM5
1027192,INDUST. SKIN SEC GRANEL S/PERF
0108116,PROPILENO GLICOL
0108017,POLYETHYLENE CIRE
0108056,EUA DISTILLEE MELILOT
0108063,PARF U210162 NATURE GN FREE
0240704,SEPIGEL 305
0108014,BROMURE DE CETRIMONIUM
0108035,GLUCONATO DE ZINCO
0108047,SALICILATO DE SODIO
0108027,STEPAN MILD SL3 BA
0226410,PCA DE ZINCO SOLABIA
1027073,INDUST. ACTINE ESFOLIANTE GRAN
0108015,TRILON BD
0108007,SATIAGUM UTC 30
0201240,ALCOOL NEUTRO
0209627,COCOAMIDOPROPILBETAINA
0209886,CORANTE RED D&C 33
0209966,CORANTE AMARELO AYE 23
0213012,EDTA DISSODICO
0214337,ESSENCIA SOAPELLE
0214820,EXTRATO GLIC ALOE VERA
0217614,GLICERINA PURA 03473015
0219439,HIDROXIDO DE SODIO
0221316,IRGASAN DP- 300
0226320,NIPAGIN
0227597,OLETH 3 FOSFATO
0228389,PIRROLIDONA CARBOX. DE SODIO
0236164,SYNOTOL CN- 80
0237349,TEXAPON N 040
0220908,IMIDAZOLIDINIL UREIA
0201313,ALOE VERA PO
0228086,PEG 120 METILGLUCOSEDIOLEATO
0226307,N-COCOIL L-GLUTAMATO DISSODICO
0215135,FENOXIETANOL E PARABENOS
0223307,LAURIL POLIGLICOSE
0214807,EXTRATO DE CAMOMILA
0214803,EXTRATO DE ALECRIM
0207291,CITOQUINAS DO LEITE
0237642,TIOLISINA COMPLEX 30
P0000706,SEBONORMINE 0P
0200360,ACIDO CITRICO FARMAC
0214287,ESSENCIA ESKIMO SII
0235021,SALCARE SC60
0214296,ESSENCIA HERBAL FRESH
0223043,LACTATO DE MENTILA
0226342,OCTOPIROX
0220921,IODO PROPINIL BUTIL CARBAMATO
0209458,CLORETO DE SODIO P/ COSMETICO
0227565,OLEO DE RICINO HIDROGENADO
0213503,ENXOFRE SOLUVEL
0207117,CAPRILOIL GLICINA
0200371,ACIDO SALICILICO 00340
0228394,PIRROLIDONA CARBOX. DE ZINCO
0123077,L-ARGININA INJETAVEL 00646016
0206253,ANTI - UV (TINOGARD HS)
0235823,SOLUVIT RICHTER
0108089,CETEARYL ALCOOL/CETEARETH 33
0108102,PALMITATE ETHYLHEXYL
0108085,STEARATE GLYCERYL SG
1027191,INDUST DOCTAR CREME GRANEL
0108099,CROTAMITON
0108100,GLYCOLIQUE ACIDE 57%
0108095,ACETAMIDE MEA 70%
0108118,SODIUM SHALE OIL SULFONATE
0108105,PARF. CAMAFLOR 8237F
0237427,PPG 1 PEG 9 LAURYL GLYCOL ETHE
0108088,LACTIQUE ACIDE
0108108,EUA HAMAMELIS STABILISEE
0108055,BISABOLOL(ALPHA)SYNTH
0108107,PARF. SKIN II PY 94574
0108057,ETHYLHEXYLOXYPHENOL(BIS)METHO
P0000443,BUTYL METHOXY DIBENZOYLMETHANE
0237387,ALCOOL ESTEARILICO
0226364,BEHENATE DIGLYCERYL BEHE MEL
0108141,STEARATE GLY PEG100ST
0108042,CETYL PHOSPHATE POTASSIUM
0237388,DICAPRYLYL CARBONATE
0226362,ADIPATE DIISOPROPYL
0226359,TEGOSOFT TN
0226367,GLICERIDES PALM KERNEL HYDROG
0108008,ACIDO BENZOICO
P0000181,CAPRYL GLYCOL
P0000598,ACRYLATE C10 C30 ALKYL CRPM 21
0108029,XANTHANE GOMME
0108032,DRY FLO PC
P0000600,SILICA (LIBELLÉ CHIMIQUE) 692847
0226358,UVASORB HBE
0237386,MBBT DECYL GLUCOSIDE MEL
P0000601,PIGMENTO BROYAT HYDROPHIL 692884
0108092,ALCOOL HIDRATADO DE CEREAIS
0226373,NICOTINAMIDA
0237350,MELAVOIDE
0226370,ACNEOL SR
0226372,BIOGENIC SA 200
0226368,LIPOSSOMAS DE RESVERATRIOL
0235515,SILICONE DC5225C
0235516,SILICONE DC9040
0239517,SILICONE DC245
0237398,EUXYL PE 9010
P0000278,Herbal Control 22.
0226371,SUNSIL 150H
0226369,ORGASOL CARESSE
0108156,SARCOSINATE LAUROYL NA LS30
0108157,HUILE PEPINS COURGE ENRICHIE
0237369,METHYL GLUCETH 20
0108155,SORBATE POLY 20
0213013,EDTA DISSODICO
P0000267,MIRANOL C2M CONC ( COCOAMPHODIACETADE 2NA 38-40%)
P0000268,ELFACOC GT 282 ( CETEARETH-60 MYRISTYL GLYCOL)
P0000269,DECYL GLUCOSIDE
P0000270,INDUSTRIALIZAÇÃO ACTINE FREE SAB LIQUIDO
P0000735,BISNAGA ACTINE SAB LIQ 60ML SLEEVE '
1611508,CAIXA PAP 036
P0001035,GRANEL ACTINE SAB LIQUIDO
1716349,FRASCO PET LARANJA 140ML
1822115,ROT ACTINE SAB. LIQUIDO FRENTE
1822117,ROT ACTINE SAB. LIQUIDO VERSO
P0000271,VALVULA PRECISÃO DO BRASIL (24/410 SOFT BRANCA)
1014693,SLEEVE 52mm BOBINA
1611503,CAIXA 033
P0000763,VALVULA PRECISÃO DO BRASIL (SOFT BRANCA) 24/410 - 240ML
1716350,FRASCO PET LARANJA 240ML
1822110,ROT ACTINE SAB LIQ 240ML FRENT
1822111,ROT ACTINE SAB LIQ 240ML VERSO
1611505,CAIXA P/ FRASCO DE 240 ML
P0000714,GRANEL ACTINE ESFOLIANTE  1TON
P0001068,BISNAGA ACTINE ESFOLIANTE  60G SLEEVE
P0001048,GRANEL ACTINE PROTETOR SOLAR FPS30
P0000734,BISNAGA ACTINE SOLAR FPS30  60ML SLEEVE
1508030,CART ACTINE PROTETOR SOLAR
1617532,CAIXA 031
0225047,MASSA 100% VEGETAL P/ SABONETE
0209664,COMPOSTO HIDRATANTE S820A1DV
0202647,ASTROCARYUM MURUMURU SODIO
0200321,ACIDO ETIDRONICO
0213500,ENXOFRE
0214243,ESSENCIA ACTINE
1014690,FILME POLIPROPILENO BOPP
P0000939,CARTUCHO ACTINE  SABONETE BARRA 80G P DW
1614528,CAIXA 087
0108067,HUILE JOJOBA
0108082,KARITE BEURRE SB45
0108112,PARFUM ADELINE 84A
P0001049,CARTUCHO SUAVIE SABONETE BARRA 80G DW
P0001060,GRANEL ACTINE LOÇÃO ADSTRINGENTE
1716363,FRASCO ACTINE LOCAO ADSTR.
1036104,TAMPA ACTINE LOCAO ADSTR.
1617534,CAIXA 040
1822195,ROTULO ACTINE FREE SAB LIQ
1822196,CONTRARROTULO ACTINE FREE SAB
1716359,FRASCO ACTINE FREE 1400ML
7010544,GRANEL ACTINE FREE SAB LIQ
1508046,CARTUCHO ACTINE FREE 80G
0237384,NANO MELALEUCA
7010543,GRANEL ACTINE TRAT ANTIACNE
1718378,BISNAGA ACTINE TRAT 30G
P0000573,CAIXA 500
P0000940,CARTUCHO ACTINE  TRAT GEL ANTIACNE 30G P DW
P0001062,GRANEL DOCTAR SHAMPOO
1716352,FRASCO PET AMBAR DOCTAR 140ML
1036097,TAMPA FLIP TOP BRANCA DOCTAR
1831226,ROT DOCTAR SHAMPOO FRENTE
1831228,ROT DOCTAR SHAMPOO VERSO
1611681,CAIXA  140ml SHAMPOO
P0001061,GRANEL DOCTAR CREME
1718224,BISNAGA DOCTAR CREME 100ML
1508029,CARTUCHO DOCTAR CREME 100ML
7010518,CLEANANCE GEL GRANEL N.FORMULA
1718368,BISNAGA CLEANANCE 60ML
P0000446,CAIXA AV 060
0100301,LAURATE GLYCERIL
0215150,FIRST DAY HYPO 448941
P0001370,FLOW PACK SABONETE BARRA 80G AV DW DU
P0000708,CARTUCHO CLEANANCE SAB BARRA
1405989,BULA AVENE CLEAANCE BARRA
P0000313,CAIXA AV CLEANANCE SAB BARRA 80G
P0001046,GRANEL KLINSE SHAMPOO
1716353,FRASCO PET AZUL KLINSE 140ML
1036099,TAMPA FLIP TOP AZUL KLINSE
1833007,ROT KLINSE SHAMPOO FRENTE
1833009,ROT KLINSE SHAMPOO VERSO
P0001070,GRANEL KLINSE SHAMPOO NEUTRO
1716351,FRASCO PET BRANCO 140ML
1833010,ROT KLINSE SHAMPOO NEUTRO FR
1833011,ROT KLINSE SHAMPOO NEUTRO VER
0138041,TRICLOROCARBANILIDA - TCC
P0001030,CARTUCHO SOAPELLE  SABONETE BARRA 80G P DW
0237376,MANTEIGA DE KARITE
0226353,OLEO DE AMENDOAS
0201738,AMIDO DE MILHO
0237360,TITANIUM DIOXIDE
0228969,PVP K-30
0209629,PATIONIC 138C
0209628,SODIUM COCOYL ISETHIONATE
0206242,ANTI-OXIDANTE FENOLICO
0237375,D PANTENOL
0237374,CERAMIDAS SH1%
1509722,CART SKINSEC SAB BARRA 80G NF
P0001069,GRANEL SKINSEC SAB LIQ
1822168,ROT SKIN SEC SAB. LIQ. FRENTE
1822169,ROT SKIN SEC SAB. LIQ. VERSO
7010452,SKIN SEC LOÇAO HIDRAT. GRANEL
1037180,VALV. ARC8 PLP24/410 BCA 240ML
1822166,RÓTULO SKIN SEC LOÇAO HIDRATAN
1822167,CONTRA RÓTULO SKIN SEC LOÇAO
1716354,FRASCO PET BRANCO 240ML
1036096,TAMPA FLIP TOP BRANCA
1822172,RÓTULO SKIN SEC LOÇAO HIDRATAN
1822173,CONTRA RÓTULO SKIN SEC LOÇÃO
1716330,FRS PET BRANCO OPACO 60ML
P0000261,INDUST. SKIN SEC LOÇÃO 60 ML
P0001037,GRANEL SUAVIE SAB LIQUIDO
P0001232,ROTULO SUAVIE SAB LIQ 140ML P DW
P0001233,CONTRA ROTULO SUAVIE SAB LIQ 140ML P DW
P0001234,BISNAGA SUAVIE SAB LIQ  60ML P DW
1822193,ROTULO SKINSEC LOC SEM PERFUME
1822194,C ROTULO SKINSEC LOC S/PERFUME
7010453,SKINSEC LOC SEM PERFUME GRANEL
1718375,BISNAGA SUNSAFE FPS30
1508037,CART SUNSAFE FPS30
7010537,SUNSAFE P. SOLAR FPS30 GRANEL
1718374,BISNAGA SUNSAFE FPS60 COLOR
1508034,CART SUNSAFE FPS60 COLOR
7010534,SUNSAFE COLOR PS FPS60 GRANEL
1718376,BISNAGA SUNSAFE FPS30 COLOR
1508036,CART SUNSAFE FPS30 COLOR
7010536,SUNSAFE COLOR PS FPS30 GRANEL
7010519,AVENE SOLAR FPS30 COR GRANEL
1718372,BISNAGA AVENE SOLAR FPS 30 TT
1508040,CART AV SOLAR TQ FPS30 COLOR
P0000477,CAIXA PAP SOLARES
1405988,BULA AVENE SOLAR
7010521,AVENE SOLAR FPS30 GRANEL
1718369,BISNAGA AVENE SOLAR FPS 30
1508041,CART AV SOLAR TQ FPS30
0564154,ESTRUT. ACTINE PROTETOR SOLAR
1611661,CAIXA 054
0564150,ARTE SACHE ACTINE ESFOLIANTE F
P0000937,FLOW PACK ACTINE SABONETE BARRA 16G P DW
0564140,ARTE SACHE DOCTAR SHAMPOO 10ML
0564155,ESTRUTURA DOCTAR CREME 10ML
P0000863,FLOW PACK CLEANANCE  SABONETE BARRA 16G P AV
P0000955,AV CAIXA SAB BARRA AG AVENE
0564136,ARTE SACHE ACTINE LÍQUIDO 5ML
0564171,ESTRUTURA ACTINE FREE DAB LIQ
1014705,FLOW PACK ACTINE FREE
P0001027,ESTRUTURA ACTINE TRAT GEL ANTIACNE 5G P DW
0564141,ARTE SACHE KLINSE SHAMPOO 10ML
0564143,ARTE SACHE KLINSE N SHAMP 10ML
P0001042,GRANEL SKIN SEC LOÇÃO COM PERFUME
0564152,ESTRUTURA SACHE SKINSEC LOÇÃO
P0001109,GRANEL SKIN SEC LOÇÃO SEM PERFUME
0564156,ESTRUTURA SKISEC LOCAO S/PERF.
P0001029,FLOW PACK SOAPELLE  SABONETE BARRA 16G P DW
P0001036,GRANEL SOAPELLE SAB LIQ
0564139,ARTE SACHE SOAPELLE LÍQUID 5ML
0564138,ARTE SACHE SKINSEC LÍQUID 5ML
1014702,FLOW PACK SKINSEC BARRA AG NF
P0001051,FLOW PACK SUAVIE SABONETE BARRA 16G P DW
P0001235,ESTRUTURA SUAVIE SAB LIQ 5ML P DW
1718366,FRASCO ACTINE LOCAO ADSTR. AG
1038261,TAMPA ACTINE LOCAO ADSTR. AG
1027095,INDUST. ACTINE LOCAO ADSTR. AG
7010535,SUNSAFE P. SOLAR FPS60 GRANEL
0564167,ESTR SACHET SUNSAFE FPS60
0564165,ESTR SACHET SUNSAFE FPS30
0564166,EST SACHET SUNSAFE FPS30 COLOR
0564168,EST SACHET SUNSAFE FPS60 COLOR
0564164,ESTR SACHET AV SOLAR FPS30
P0000545,CAIXA PAP SOLARES  SACHET
0564163,ESTR SACHET AV SOLAR FPS30 TT
7010522,AVENE SOLAR FPS50 GRANEL
0564161,ESTR SACHET AV SOLAR FPS50
7010520,AVENE SOLAR FPS50 COR GRANEL
0564162,ESTR SACHET AV SOLAR FPS50 TT
P0000733,BISNAGA ACTINE SOLAR FPS30  120 ML SLEEVE
P0000215,CAIXA PAPELAO 120
0237426,DISODIUM COCOAMPHODIACETATE
0237410,SODIUM LAUROYL SARCOSINATE
0226376,CETEARETH 60 MYRISTYL GLYCOL
0228985,POLYSORBATE 20
0210309,DECIL GLUCOSIDEO
P0000517,GRANEL ACTINE CONTROL SAB LIQ
P0000755,ROTULO ACTINE CONTROL SAB LIQ
P0000753,CONTRA RÓTULO ACTINE CONTROL SAB LIQ
P0000816,ESTRUTURA ACTINE CONTROL SAB LIQ
P0000751,CARTUCHO ACTINE CONTROL SAB BARRA 80G
P0001263,FLOW PACK ACTINE CONTROL SAB BARRA 16G P DW
7010538,GRANEL CLEANANCE SOLAR FPS 30
P0000489,BISNAGA CLEANANCE SOLAR SPF 30
P0000474,CARTUCHO CLEANANCE SOLAR SPF 30
P0001740,SACHE CLEANANCE SOLAR FPS30 3ML PF AV
7010532,GRANEL CLEANANCE SOLAR FPS 50
P0001739,SACHE CLEANANCE SOLAR FPS50+ 3ML PF AV
P0001643,CARTUCHO CLEANANCE SOLAR FPS50+ 50ML PF AV
P0000490,BISNAGA CLEANANCE SOLAR FPS 50
P0000596,CLEANANCE GEL GRANEL 1T
P0000470,ESTRUTURA CLEANANCE GEL 5
P0000593,CLEANANCE GEL GRANEL 3T
P0001646,BISNAGA CLEANANCE GEL 60ML PF AV
P0000488,BISNAGA CLEANANCE GEL 150
P0000469,CAIXA PAP 150
P0000473,FRASCO CLEANANCE GEL 300
1036100,CAPS DUOCAP JANVIER
P0000476,CAIXA PAP 300
P0000458,HUILE AMANDE DOUCE RAFFINEE
0237366,L - SERINE
P0000461,BASE SYNDET MI HS 27/21
P0000550,NOYAU ETA GLYCERINE
P0000485,FLOW PACK CLEANANCE HYDRA PAIN  SAB BARRA
P0000460,ZINC COCETH SULFATE
0237364,NA LAUROYL METHYL ISETHIONATE
0237356,SODIUM COCOAMPHOACETATE
P0000457,BENZOATE SODIUM
P0000466,PARF. PF617565 E1302515/01 AV
P0001537,COL JAUNE CI 19410
P0001512,1707 - ÁCIDO CÍTRICO MONOHIDRATADO
P0000562,COL VERT TURQUOISE CI 61570
P0000736,BISNAGA ACTINE CONTROL SAB LIQ 60ML SLEEVE
P0000589,BISNAGA SKIN SEC LOÇÃO PERFUME SUAVE
P0000591,CAIXA PAP 200
P0000590,BISNAGA SKIN SEC LOÇÃO S/ PARF
P0000586,FRASCO SKIN SEC LOÇÃO
P0000587,VALVULA SKIN SEC LOÇÃO
P0000592,CAIXA PAP 400
0237400,NEO HELIOPAN HYDRO
0237396,EMULGINVL 75
0237395,DUB ININ
0237403,UVINUL A PLUS
0237394,ETHYLHEXYL METHOXYCINNAMATE
0237397,ESCALOL HMS
0237389,BISETHYLHEXYLOXYPHENOL METHO.
0237405,UVINUL T 150
0237404,UVINUL N539T
0237402,TINOGARD TS
0237393,BTH
0237401,PEMULEN TR2
0237399,MSS 500 3H SILICA
0226356,AMIDON MAIS MODIFIE DRY FLO PC
0108046,SULF CHONDROITINE SOD AVIAIR
0108044,EXTRAIT LIPIDIQUE DE SOJA
0108041,SITOSTEROL (BETA) 95%
0108006,POLOXAMER 188
0108049,LECITHINE SOJA
0213014,CAPRIC CAPRYLIC TRIGLY 30 70
0108019,GLYCERIDES COCO HYDROGENE
0108058,TOCOPHERYL GLUCOSIDE 50%
0108010,METHOXYCINNAMATE(p)ETHYLHEXYL
0108117,OCTOCRILENO
0108020,DECAMETIL CICLOPENTASILOXANE
0108038,CARBOMERE K
0108033,ACRYLATE(POLYMETHYLMET)
0108040,CHLORPHENESINE PURIFIEE
P0000704,622384 ASCORBYL GLUCOSIDE
0226365,PENTANOATE NEO ISODECYL
P0000659,CETEARYL ISONONANOATE
0108149,SILICE COLLOIDALE V300
P0000635,PARF TROPIQUE 53259 ( 403929)
P0000684,GRANEL AVENE TOQUE SECO FPS70
P0000676,BISNAGA AVENE SOLAR TS FPS70
P0000678,CARTUCHO AVENE SOLAR TS FPS70
P0000686,GRANEL AVENE TOQUE SECO FPS70 COLOR
P0000677,BISNAGA AVENE SOLAR TS FPS70 COLOR
P0000679,CARTUCHO AVENE SOLAR TS FPS70 COLOR
P0002536,ÁCIDO SALICÍLICO MERCK
P0000858,ECOEXTRACT ALOE VERA
0227532,OLEO DE MELALEUCA
P0000711,691861 - Trisodiumethylenediamine Disuccinate
P0000720,ESS. CALMING THERAPY EAF24392
P0000748,692539 - MIRACARE SLB 205 W
P0000771,117318 - COCAMIDE MONOISOPROPOLAMIDE
0210347,DIPROPILENOGLICOL
0217511,ALKONIX SC
0219552,HOSTAPON CCG
0217509,GENAPOL EGL
0214276,ESSENCIA CHA VERDE
0217507,GENAMIN PQ7
0228368,PHYTOLAIT CHA VERDE
P0000479,CARTUCHO CLEANANCE HYDRA PAIN SAB BARRA
0237361,SODIUM COCOYL ISETHIONATE MEL
0237371,WHITE BEESWAX
0237367,CETYL ALCOHOL
P0000459,HUILE PALME ETHOXYLEE
P0000570,PARF. SURGRAS 401439 E1301981
1014703,FLOW PACK CLEANANCE BARRA 80G
P0000927,CARTUCHO TRIXERA SABONETE BARRA FAMILIA 80G P AV
P0001039,BULA TRIXERA SABONETE BARRA AV P
P0000898,FLOW PACK TRIXERA SABONETE BARRA 16G P AV
P0000680,ESTRUTURA AVENE SOLAR TS FPS70
P0000681,ESTRUTURA AVENE SOLAR TS FPS70 COLOR
P0001249,1702 VASELINA BRANCA QUALIDADE A
0108016,PARAFINA LIQUIDA
P0001242,12748 ÁCIDO ESTEÁRICO 50 PASTILHAS
P0001245,1826 HUILE SILICONE DM350
P0001241,6444 MACROGOL 600P
P0001248,1836 TRIETANOLAMINA
P0001244,110858 ETHYLHEXYLGLYCERINE
P0001246,613925 PENTYLENE GLYCOL
P0001247,SEPINEO P600
P0001243,23462 CARBOPOL 980
P0001121,ALANTOÍNA
P0001122,CARBOPOL U20
P0001125,DIBUTYL ADIPATE
P0001124,DC EP 9801 HIDRO COSMETIC POWDER
P0001126,DIÓXIDO DE TITÂNIO MICRO
P0001123,COCO-CAPRYLATE/CAPRATE
P0001137,SODIUM STEAROYL GLUTAMATE
P0001127,METHILAN GMS AE
P0001129,PEMULEN TR-1
P0001130,SENSIVA SC 10
P0001131,SEPICONTROL A5
P0001132,SEPIMAT CP 5
P0001133,SKIN COLOR AMARELO 6
P0001171,SKIN COLOR CARAMELO
P0001172,SKIN COLOR MÉDIO ESCURO
P0001128,NYLON 12
P0001750,P REFINYL BSP
P0001313,TEGOSOFT GM6
P0001314,HEXILENEGLICOL
P0000998,GRANEL Aqua-fluido com cor MAT PERFECT FPS30 AV
P0001355,SACHE AQUA-FLUIDO COM COR MAT PERFECT 30 3ML PF AV
P0001345,BISNAGA AQUA-FLUIDO COM COR MAT PERFECT 30 50ML PF AV
P0001351,CARTUCHO AQUA-FLUIDO COM COR MAT PERFECT 30 50ML PF AV
P0002010,CAIXA BISNAGA 50ML D30 C/CART 12UN
P0000999,GRANEL Aqua-fluido MAT PERFECT FPS30 AV
P0001356,SACHE AQUA-FLUIDO MAT PERFECT 30 3ML PF AV
P0001346,BISNAGA AQUA-FLUIDO MAT PERFECT 30 50ML PF AV
P0001352,CARTUCHO AQUA-FLUIDO MAT PERFECT 30 50ML PF AV
P0000471,ESTRUTURA CLEANANCE SOLAR FPS30
P0001002,GRANEL CLEANANCE SOLAR FPS30 AV
P0001401,BISNAGA CLEANANCE SOLAR FPS30 50ML PF AV
P0001402,CARTUCHO CLEANANCE SOLAR FPS30 50ML PF AV
P0001000,GRANEL Fluido com cor MAT PERFECT FPS60 AV
P0001357,SACHE FLUIDO COM COR MAT PERFECT 60 3ML PF AV
P0001347,BISNAGA FLUIDO COM COR MAT PERFECT 60 50ML PF AV
P0001353,CARTUCHO FLUIDO COM COR MAT PERFECT 60 50ML PF AV
P0001001,GRANEL Fluido MAT PERFECT FPS60 AV
P0001358,SACHE FLUIDO MAT PERFECT 60 3ML PF AV
P0001349,BISNAGA FLUIDO MAT PERFECT 60 50ML PF AV
P0001354,CARTUCHO FLUIDO MAT PERFECT 60 50ML PF AV
P0000759,GRANEL AV TRIXERA BAUME
P0001323,SACHE TRIXERA NUTRI-FLUIDA 10ML PF AV
P0001321,FRASCO TRIXERA NUTRI-FLUIDA 400ML PF AV
P0001326,VÁLVULA BICO DE PATO 28/410 BRANCA C/ CLIP
P0001316,CAIXA FRASCO 400ML SEM CARTUCHO 12UN
P0001318,BISNAGA TRIXERA NUTRI-FLUIDA 200ML PF AV
P0001317,CAIXA BISNAGA 200ML SEM CARTUCHO 12UN
P0000758,GRANEL AV TRIXERA LAIT
P0001322,SACHE TRIXERA HYDRA-FLUIDA 10ML PF AV
P0001319,BISNAGA TRIXERA HYDRA-FLUIDA 200ML PF AV
P0001320,FRASCO TRIXERA HYDRA-FLUIDA 400ML PF AV
P0001324,VÁLVULA TRIXERA HYDRA-FLUIDA CORAL PF AV
P0001332,FRASCO ACTINE MICELAR 10ML AG P DW
P0001390,ACTINE LOÇÃO MICELAR
P0001676,INDUST ACTINE LOÇÃO MICELAR 10ML
P0001333,FRASCO ACTINE MICELAR 200ML P DW
P0001344,SACHE ACTINE SOLAR PELE CLARA FPS30 5ML
P0001382,GRANEL ACTINE SOLAR FPS30 COLOR
P0001336,BISNAGA ACTINE SOLAR PELE CLARA FPS30 50ML P DW
P0001340,CARTUCHO ACTINE SOLAR PELE CLARA FPS30 50ML P DW
P0001337,BISNAGA ACTINE SOLAR PELE MORENA FPS30 50ML P DW
P0001341,CARTUCHO ACTINE SOLAR PELE MORENA FPS30 50ML P DW
P0001388,GRANEL ACTINE SOLAR FPS30 COLOR PELE MORENA
P0001343,SACHE ACTINE SOLAR PELE MORENA FPS30 5ML P DW
P0001342,SACHE ACTINE SOLAR FPS70 5ML P DW
P0000621,GRANEL ACTINE PROTETOR SOLAR FPS70
P0001335,BISNAGA ACTINE SOLAR FPS70 50ML P DW
P0001339,CARTUCHO ACTINE SOLAR FPS70 50ML P DW
P0001057,DW GRANEL DOCTAR SENSI SHAMPOO
P0001378,ESTRUTURA DOCTAR SENSI SHAMPOO 8ML P DW
P0001374,BISNAGA DOCTAR SENSI SHAMPOO 120ML P DW
P0001364,ESTRUTURA ANAPHASE SHAMPOO 8ML PF DU
P0000837,DU GRANEL ANAPHASE SHAMPOO
P0001365,ESTRUTURA EXTRA-DOUX SHAMPOO 8ML PF DU
P0000836,DU GRANEL EXTRA DOUX   SHAMPOO
P0001366,ESTRUTURA KELUAL DS SHAMPOO 8ML PF DU
P0001728,DU GRANEL KELUAL DS SHAMPOO
P0000828,GRANEL DUCRAY KERACNYL FOAMING GEL
P0001362,ESTRUTURA KERACNYL GEL 5ML PF DU
P0001359,BISNAGA KERACNYL GEL 60ML PF DU
P0001360,BISNAGA KERACNYL GEL 150ML PF DU
P0001367,ESTRUTURA KERTYOL PSO SHAMPOO 8ML PF DU
P0000834,DU GRANEL KERTYOL PSO SHAMPOO
P0001368,ESTRUTURA SENSINOL SHAMPOO 8ML PF DU
P0000833,DU GRANEL SENSINOL SHAMPOO
P0001369,ESTRUTURA SQUANORM SHAMPOO 8ML PF DU
P0000832,DU GRANEL SQUANORM  SHAMPOO PELLICULES SÈCHES
P0001661,SACHE SUNSAFE PROT SOLAR FPS60 3ML P DW
P0001662,SACHE SUNSAFE PROT SOLAR FPS60 COLOR 3ML P DW
P0001583,SACHE NUTRIOL LOÇÃO HIDRATANTE C/ PERF 8ML NCG18 P DW
P0001878,GRANEL NUTRIOL LOÇÃO HIDRATANTE COM PERFUME E PARABENOS
P0001562,BISNAGA NUTRIOL LOÇÃO HIDRATANTE C/ PERF 200ML NCG18 P DW
P0001584,SACHE NUTRIOL LOÇÃO HIDRATANTE S/ PERF 8ML NCG18 P DW
P0001872,GRANEL NUTRIOL LOÇÃO HIDRATANTE SEM PERFUME
P0001563,BISNAGA NUTRIOL LOÇÃO HIDRATANTE S/ PERF 200ML NCG18 P DW
P0001632,FRASCO NUTRIOL LOÇÃO HIDRATANTE S/ PERF 400ML NCG18 P DW
P0001929,VÁLVULA BICO DE PATO 28/410 AZUL C/CLIP
P0001580,SACHE DOCTAR SHAMPOO 8ML NCG18 P DW
P0001387,GRANEL DOCTAR SHAMPOO REFORMULAÇÃO
P0001744,TAMPA FLIP TOP 24/410 BRANCA LUPLASTIC DARROW 140ML DW
P0001606,ROTULO DOCTAR SHAMPOO 140ML NCG18 P DW
P0001597,CONTRA-ROTULO DOCTAR SHAMPOO 140ML NCG18 P DW
P0001626,FLOW PACK SUAVIE SAB BARRA 16G NCG18 P DW
P0001620,CARTUCHO SUAVIE SAB BARRA 80G NCG18 P DW
P0001586,SACHE SUAVIE SAB LIQUIDO 5ML NCG18 P DW
P0001564,BISNAGA SUAVIE SAB LIQUIDO 60ML NCG18 P DW
P0002976,SLEEVE PET TRANSPARENTE
P0001611,ROTULO SUAVIE SAB LIQUIDO 140ML NCG18 P DW
P0001601,CONTRA-ROTULO SUAVIE SAB LIQUIDO 140ML NCG18 P DW
P0001628,FLOW PACK NUTRIOL SAB BARRA 16G NCG18 P DW
P0001618,CARTUCHO NUTRIOL SAB BARRA 80G NCG18 P DW
P0001585,SACHE NUTRIOL SAB LIQUIDO 5ML NCG18 P DW
P0001871,GRANEL NUTRIOL SABONETE LIQUIDO
P0001599,CONTRA-ROTULO NUTRIOL SAB LIQUIDO 140ML NCG18 P DW
P0001609,ROTULO NUTRIOL SAB LIQUIDO 140ML NCG18 P DW
P0001560,BISNAGA ACTINE TRAT 30G NCG18 P DW
P0001616,CARTUCHO ACTINE TRAT 30G NCG18 P DW
P0001578,SACHE ACTINE TRAT 3G NCG18 P DW
P0001587,SACHE SUNSAFE PROT SOLAR FPS30 3ML NCG18 P DW
P0001621,CARTUCHO SUNSAFE PROT SOLAR FPS30 50ML NCG18 P DW
P0001565,BISNAGA SUNSAFE PROT SOLAR FPS30 50ML NCG18 P DW
P0001588,SACHE SUNSAFE PROT SOLAR FPS30 COLOR 3ML NCG18 P DW
P0001622,CARTUCHO SUNSAFE PROT SOLAR FPS30 COLOR 50ML NCG18 P DW
P0001566,BISNAGA SUNSAFE PROT SOLAR FPS30 COLOR 50ML NCG18 P DW
P0001623,CARTUCHO SUNSAFE PROT SOLAR FPS60 50ML NCG18 P DW
P0001567,BISNAGA SUNSAFE PROT SOLAR FPS60 50ML NCG18 P DW
P0001624,CARTUCHO SUNSAFE PROT SOLAR FPS60 COLOR 50ML NCG18 P DW
P0001568,BISNAGA SUNSAFE PROT SOLAR FPS60 COLOR 50ML NCG18 P DW
P0001572,SACHE ACTINE ESFOLIANTE 5G NCG18 P DW
P0001555,BISNAGA ACTINE ESFOLIANTE 60G NCG18 P DW
P0002186,FLOW PACK ACTINE CONTROL SAB BARRA NF 16G P DW
P0002187,NANOMELALEUCA LV N
P0001571,SACHE ACTINE CONTROL SAB LIQUIDO 5ML NCG18 P DW
P0002185,CARTUCHO ACTINE CONTROL SAB BARRA NF 80G P DW
P0001554,BISNAGA ACTINE CONTROL SAB LIQUIDO 60ML NCG18 P DW
P0001591,CONTRA-ROTULO ACTINE CONTROL SAB LIQUIDO 140ML NCG18 P DW
P0001603,ROTULO ACTINE CONTROL SAB LIQUIDO 140ML NCG18 P DW
P0001627,FLOW PACK ACTINE SAB BARRA 16G NCG18 P DW
P0001615,CARTUCHO ACTINE SAB BARRA 80G NCG18 P DW
P0001559,BISNAGA ACTINE SAB LIQUIDO 60ML NCG18 P DW
P0001604,ROTULO ACTINE SAB LIQUIDO 140ML NCG18 P DW
P0001592,CONTRA-ROTULO ACTINE SAB LIQUIDO 140ML NCG18 P DW
P0001577,SACHE ACTINE SAB LIQUIDO 5ML NCG18 P DW
P0001593,CONTRA-ROTULO ACTINE SAB LIQUIDO 240ML NCG18 P DW
P0001605,ROTULO ACTINE SAB LIQUIDO 240ML NCG18 P DW
P0001877,FRASCO ACTINE SAB LIQ 400ML P DW
P0001629,FLOW PACK SOAPELLE SAB BARRA 16G NCG18 P DW
P0001619,CARTUCHO SOAPELLE SAB BARRA 80G NCG18 P DW
P0001638,SACHE SOAPELLE SAB LIQUIDO 5ML NCG18 P DW
P0001600,CONTRA-ROTULO SOAPELLE SAB LIQUIDO 140ML NCG18 P DW
P0001610,ROTULO SOAPELLE SAB LIQUIDO 140ML NCG18 P DW
P0001848,GRANEL KLINSE SHP NF
P0001582,SACHE KLINSE SHAMPOO 8ML NCG18 P DW
P0001743,TAMPA FLIP TOP 24/410 AZUL LUPLASTIC DARROW 140ML DW
P0001608,ROTULO KLINSE SHAMPOO 140ML NCG18 P DW
P0001598,CONTRA-ROTULO KLINSE SHAMPOO 140ML NCG18 P DW
P0001581,SACHE KLINSE NEUTRO SHAMPOO 8ML NCG18 P DW
P0001607,ROTULO KLINSE NEUTRO SHAMPOO 140ML NCG18 P DW
P0001596,CONTRA-ROTULO KLINSE NEUTRO SHAMPOO 140ML NCG18 P DW
P0002166,SACHE ACTINE PROT SOLAR FPS30 3ML NR P DW
P0002165,BISNAGA ACTINE PROT SOLAR FPS30 60ML NR P DW
P0002167,CARTUCHO ACTINE PROT SOLAR FPS30 60ML NR P DW
P0002168,BISNAGA ACTINE PROT SOLAR FPS30 120ML NR P DW
P0001579,SACHE DOCTAR CREME 5ML NCG18 P DW
P0001561,BISNAGA DOCTAR CREME 100ML NCG18 P DW
P0001617,CARTUCHO DOCTAR CREME 100ML NCG18 P DW
P0002016,CAIXA BISNAGA 100ML C/CART 12UN
P0001631,FRASCO ACTINE LOÇÃO ADSTRINGENTE 190ML NCG18 P DW
P0001913,BISNAGA ANAPHASE SHAMPOO 200ML PEF DU
P0001912,BISNAGA ANAPHASE SHAMPOO 100ML PEF DU
P0002352,CAIXA BISNAGA 100ML D40 S/CART 12UN
P0001589,SACHE SUNSAFE PROT SOLAR FPS60 3ML NCG18 P DW
P0001590,SACHE SUNSAFE PROT SOLAR FPS60 COLOR 3ML NCG18 P DW
P0001924,CARTUCHO KELUAL DS SHAMPOO 100ML PEF DU
P0001923,BISNAGA KELUAL DS SHAMPOO 100ML PEF DU
P0001922,CARTUCHO KERTYOL PSO SHAMPOO 100ML PEF DU
P0001921,BISNAGA KERTYOL PSO SHAMPOO 100ML
P0002050,692920 OTZ 10
P0002051,25755 PVP/EICOSENE COPM 30-70
P0002052,692495 1,2 HEXANEDIOL
P0002171,692675 PARF. PF403929 E130277705
P0001013,693137 CAPR.GLY 1 / ETA 99
P0002145,INDUSTRIALIZAÇÃO GRANEL CLEANANCE 50+
P0002049,692542 ASCOPHYSCIENT
P0002146,INDUSTRIALIZAÇÃO AV GRANEL CREME 50+  ANTI AGE
P0000926,FLOW PACK TRIXERA SABONETE BARRA FAMILIA 16G P AV
P0002402,INDUSTRIALIZAÇÃO GRANEL ACTINE ANTI ACNE FPS30
P0002403,INDUSTRIALIZAÇÃO GRANEL ACTINE ANTI ACNE FPS60
P0002385,ROTULO ACTINE SAB LIQUIDO 240ML 20% P DW
P0002386,CONTRA-ROTULO ACTINE SAB LIQUIDO 240ML 20% P DW
P0001884,AV GRANEL PHYSIOLIFT CREME NOITE
P0001985,ESTRUTURA PHYSIOLIFT NUIT 2ML PF AV
P0001885,AV GRANEL PHYSIOLIFT CREME PARA OLHOS
P0001986,ESTRUTURA PHYSIOLIFT YEUX 2ML PF AV
P0002329,ESTRUTURA FLUIDO ANTI ACNE MAT P FPS60 3G PF AV
P0002132,AV GRANEL FLUIDO ANTI ACNE MAT PERFECT FPS50
P0002327,BISNAGA FLUIDO ANTI ACNE MAT P FPS60 40G PF AV
P0002328,CARTUCHO FLUIDO ANTI ACNE MAT P FPS60 40G PF AV
P0002382,12242 HUILE CARTHAME HYBRIDE
P0002381,113636 HUILE ONAGRE
P0002380,408000 HUILE OLIVE VIERGE
P0002353,620681 HUILE CAMELINE
P0002164,692531 PARF SOIN PRECIEUX E_1126170
P0002320,ESTRUTURA NUTRIOL HIDRAT C/ PERF SP 8ML P DW
P0002405,GRANEL NUTRIOL LOÇÃO COM PERFUME E SEM PARABENOS
P0002318,BISNAGA NUTRIOL HIDRAT C/ PERF SP 200ML P DW
P0002322,FRASCO NUTRIOL HIDRAT S/ PERF SP 400ML P DW
P0002406,GRANEL NUTRIOL LOÇÃO SEM PERFUME E SEM PARABENOS
P0002321,ESTRUTURA NUTRIOL HIDRAT S/ PERF SP 8ML P DW
P0002319,BISNAGA NUTRIOL HIDRAT S/ PERF SP 200ML P DW
P0002444,ESTRUTURA ACTINE MASCARA ESFOLIANTE 5ML P DW
P0002528,GRANEL ACTINE MASCARA ESFOLIANTE
P0002450,BISNAGA ACTINE SOLAR ANTI ACNE FPS60 40G P DW
P0002447,CARTUCHO ACTINE SOLAR ANTI ACNE FPS60 40G P DW
P0002384,GRANEL ACTINE ANTI ACNE FPS60
P0002445,ESTRUTURA ACTINE SOLAR ANTI ACNE FPS60 3G P DW
P0002451,BISNAGA ACTINE SOLAR ANTI ACNE FPS30 40G P DW
P0002448,CARTUCHO ACTINE SOLAR ANTI ACNE FPS30 40G P DW
P0002383,GRANEL ACTINE ANTI ACNE FPS30
P0002446,ESTRUTURA ACTINE SOLAR ANTI ACNE FPS30 3G P DW
P0002834,C47-060 SUNCROMA TITANIUM DIOXIDE
P0002469,8301 CETEARETH-20
P0002465,10101 HECTORITE
P0002835,IMERCARE 2KS
P0002472,119992 AMINO CHELATE ZINC 20%
P0002468,603101 DEXPANTHENOL
P0002466,629928 EAU DISTILLEE HAMAMELIS
P0002464,692528 PARF.EVANESCENCE E_1116944/01
P0002471,692799 CELLULOSE ACETATE 300
P0002470,692800 CELLULOSE ACETATE 500
P0002462,692899 UNICERT BLUE 05601 J
P0002461,692900 UNICERT GREEN 06503-J
P0002460,692905 COL.FD&C YELLOW 5 CI19140
P0002545,INDUSTRIALIZAÇÃO ACTINE MASCARA ESFOLIANTE
P0002990,CARTUCHO ACTINE SAB BARRA 20% 80G  DW
P0002992,ROTULO DOCTAR SHAMPOO 140ML 20% P DW
P0002991,CONTRA-ROTULO DOCTAR SHAMPOO 140ML 20% P DW
P0002861,BISNAGA EMULSÃO SOLAR TOQUE SECO COR FPS70 40G PF AV
P0002862,CARTUCHO EMULSÃO SOLAR TOQUE SECO COR FPS70 40G PF AV
P0002885,FOLHETO EXPLICATIVO AVENE SOLAR PEF AV
P0002858,BISNAGA EMULSÃO SOLAR TOQUE SECO FPS70 40G PF AV
P0002859,CARTUCHO EMULSÃO SOLAR TOQUE SECO FPS70 40G PF AV
7010452,SKIN SEC LOÇAO HIDRAT. GRANEL
7010453,SKINSEC LOC SEM PERFUME GRANEL
7010456,ACTINE ESFOLIANTE GRANEL
7010464,SOAPELLE SAB. LIQ. 1% - GRANEL
7010469,SUAVIE SAB. LIQ - GRANEL
7010528,KLINSE SHAMPOO - GRANEL
7010529,KLINSE SHAMPOO NEUTRO - GRANEL
7010530,DOCTAR CREME GRANEL
7010531,ACTINE LOCAO ADSTRINGEN GRANEL
7010534,SUNSAFE COLOR FPS60 GRANEL
7010535,SUNSAFE P. SOLAR FPS 60 GRANEL
7010536,SUNSAFE COLOR  PS FPS30 GRANEL
7010537,SUNSAFE P. SOLAR FPS30 GRANEL
7010543,GRANEL ACTINE TRAT ANTIACNE
7010544,ACTINE FREE SAB LIQUIDO
9190400,ACTINE SAB. LIQUIDO 60 ML BG18
9190408,ACTINE SAB. LIQUIDO 140mL BG18
9190410,ACTINE SAB. LIQUIDO 240 ML 3 TON
9190416,ACTINE ESFOLIANTE FACIAL 60G
9190418,ACTINE PROTETOR SOLAR FPS 30
9190419,ACTINE SABONETE BARRA 80G
9190424,SUAVIE SAB BARRA NF
9190426,ACTINE LOC. ADSTRINGENTE 190ML
9190430,ACTINE FREE SAB LIQUIDO 140 ML
9190431,ACTINE FREE BARRA OR
9190432,ACTINE T. CUIDADO ANTIACNE 30G BG18
9192733,DOCTAR SHAMPOO 140ML BG18
9192735,DOCTAR CREME 100ML
9193004,AV CLEANANCE GEL 60ML
9193005,AV CLEANANCE SAB BARRA 80G - 05 BG19
9195922,KLINSE SHAMPOO 140ML BG18
9195925,KLINSE SHAMPOO NEUTRO 140ML
9197755,SOAPELLE SAB BARRA NF 80G OR
9197779,SKINSEC SABONETE BARRA 80G NF
9197783,SKIN SEC SAB. LIQ. 140 ML
9197879
9197880,SKIN SEC LOÇÃO HIDR CORP 60ML
9197882,SUAVIE SAB. LIQUIDO 140ML BG18
9197883,SUAVIE SAB. LIQUIDO 60ML
9197885,SKINSEC LOC HIDRAT S/PER 240ML
9199201,DW SUNSAFE PROTETOR SOLAR FPS 30 - 50mL BG19
9199202,DW SUNSAFE COLOR PROTETOR SOLAR FPS 60 – 50mL - 05 BG19
9199204,DW SUNSAFE COLOR PROTETOR SOLAR FPS30 - 50mL - 05 BG19
9199206,AV P. SOLAR COLOR FPS30 50 ML
9199207,AV P. SOLAR FPS30 50 ML - 03 - BG19
9990421,ACTINE PROT. SOLAR FPS 30 SACHE
9990425,ACTINE ESFOLIANTE FACIAL SACHE BG18
9990426,ACTINE SABONETE BARRA  AG
9991112,DOCTAR SHAMPOO SACHET AG1
9991114,DOCTAR CREME SACHET BG18
9993004,AV CLEANANCE SAB BARRA AG 16G - 05 - BG19
9995020,ACTINE SAB LIQUIDO AG - 5 ML
9995024,ACTINE FREE SAB LIQ SACHE 5ML
9995026,ACTINE FREE SAB BARRA
9995027,ACTINE T. CUIDADO ANTIACNE 5ML BG18
9997253,KLINSE SHAMPOO SACHET AG
9997256,KLINSE SH. NEUTRO SACHET AG
9997290,SKIN SEC LOÇÃO SACHET AG
9997291,SKINSEC LOC HIDRAT S/PER 10ML
9997729,SOAPELLE SAB BARRA NF 16G AG
9997730,SOAPELLE SAB LIQ AG 1% - 5 ML
9997734,SKIN SEC SAB. LIQUIDO AG 5 ML
9997740,SKIN SEC SABONETE BARRA AG NF
9997762,SUAVIE SABONETE BARRA NF AG
9997765,SUAVIE SAB. LIQ. AG 5 ML
9997884,ACTINE LOCAO ADSTRINGENTE AG
9998001,DW SUNSAFE PROTETOR SOLAR FPS 60 – SACHET 5 mL
9998002,DW SUNSAFE PROTETOR SOLAR FPS 30 -  SACHET 5 mL
9998003,DW SUNSAFE COLOR PROTETOR SOLAR FPS30 - SACHET 5 mL
9998004,DW SUNSAFE COLOR PROTETOR SOLAR FPS 60 – SACHET 5mL
9998005,AV P.SOLAR FPS30 SACHET 3ML
9998006,AV PS COLOR FPS30 SACHET 3ML
9998007,AV PROT SOLAR TOQUE SECO FPS70  AG
9998008,AV PROT SOLAR TOQUE SECO FPS70 COLOR AG
P0000211,ACTINE PROTETOR SOLAR FPS 30 120 ML
P0000517,PILOTO GRANEL ACTINE CONTROL SAB LIQ
P0000519,ACTINE CONTROL SAB LIQ 140ML
P0000520,ACTINE CONTROL SAB LIQ AG 5ML
P0000521,ACTINE CONTROL SAB BARRA 80G
P0000528,ACTINE CONTROL SAB BARRA 16G
P0000554,AV CLEANANCE SOLAR FPS30 50ml
P0000555,AV CLEANANCE SOLAR FPS30 SACHET
P0000556,AV CLEANANCE SOLAR FPS50 SACHET - 04 - BG19
P0000557,AV CLEANANCE SOLAR FPS50 50ml - 06 BG19
P0000563,AV CLEANANCE GEL AG - 03 - BG19
P0000564,AV CLEANANCE GEL 60ML - 06
P0000565,AV CLEANANCE GEL 150ML - 09
P0000566,AV CLEANANCE GEL 300ML - 05 - BG19
P0000568,CLEANANCE HYDRA SAVON 16G AG - 05 - BG19
P0000593,CLEANANCE GEL GRANEL 3T
P0000596,CLEANANCE GEL GRANEL 1T
P0000615,ACTINE CONTROL SAB LIQ 60ML
P0000616,SKIN SEC LOÇÃO PERFUME SUAVE 200 ML
P0000617,SKIN SEC LOÇÃO SEM PERFUME 200 ML
P0000619,SKIN SEC LOÇÃO SEM PERFUME 350 ml
P0000621,GRANEL ACTINE PROTETOR SOLAR FPS70
P0000712,GRANEL ACTINE PROTETOR SOLAR FPS30 1 TON
P0000713,PILOTO GRANEL SKIN SEC LOÇÃO HIDRATANTE
P0000714,PILOTO GRANEL ACTINE ESFOLIANTE  1TON
P0000998,GRANEL Aqua-fluido com cor MAT PERFECT FPS30 AV
P0000999,GRANEL Aqua-fluido MAT PERFECT FPS30 AV
P0001000,GRANEL Fluido com cor MAT PERFECT FPS60 AV
P0001001,GRANEL Fluido MAT PERFECT FPS60 AV
P0001002,Piloto GRANEL CLEANANCE SOLAR FPS30 AV
P0001032,AV EMULSÃO SOLAR FPS70 50ML - 04 - BG19
P0001033,AV EMULSÃO SOLAR FPS70 COLOR 50ML - 03 - BG19
P0001035,GRANEL ACTINE SAB LIQUIDO - 02 - MERCK
P0001036,GRANEL SOAPELLE SAB LIQ
P0001037,GRANEL SUAVIE SAB LIQUIDO
P0001042,Piloto GRANEL SKIN SEC LOÇÃO COM PERFUME
P0001046,Piloto GRANEL KLINSE SHAMPOO
P0001048,Piloto GRANEL ACTINE PROTETOR SOLAR FPS30
P0001057,Piloto GRANEL DOCTAR SHAMPOO NF
P0001060,Piloto GRANEL ACTINE LOÇÃO ADSTRINGENTE
P0001061,PilotoGRANEL DOCTAR CREME
P0001062,Piloto GRANEL DOCTAR SHAMPOO
P0001069,Piloto GRANEL SKINSEC SAB LIQ
P0001070,Piloto GRANEL KLINSE SHAMPOO NEUTRO
P0001089,CLEANANCE HYDRA SAVON 80G - 05 - BG19
P0001091,TRIXERA SABONETE BARRA 80G
P0001092,TRIXERA SABONETE BARRA 16G
P0001109,PilotoGRANEL SKIN SEC LOÇÃO SEM PERFUME
P0001162,AV SOLAR TOQUE SECO FPS70 3ML P - 03 - BG19
P0001163,AV SOLAR TOQUE SECO FPS70 COR 3ML P - 03 - BG19
P0001239,Piloto GRANEL DOCTAR SHAMPOO NF
P0001375,GRANEL DEXERYL CREME
P0001382,GRANEL ACTINE SOLAR FPS30 COLOR
P0001387,GRANEL DOCTAR SHAMPOO REFORMULAÇÃO
P0001388,GRANEL ACTINE SOLAR FPS30 COLOR PELE MORENA
P0001390,ACTINE LOÇÃO MICELAR
P0001411,AV AQUA FLUIDO COM COR MAT PERFECT  3ML - 01 - BG19
P0001412,AV AQUA FLUIDO COM COR MAT PERFECT  50ML - 02 - BG19
P0001413,AV AQUA-FLUIDO MAT PERFECT 30  3ML - 01 - BG19
P0001415,AV AQUA-FLUIDO MAT PERFECT 30  50ML - 02 - BG19
P0001417,AV CLEANANCE SOLAR FPS30 3ML - 01 - BG19
P0001418,AV CLEANANCE SOLAR FPS30 50ML - 01 - BG19
P0001419,AV FLUIDO COM COR MAT PERFECT 60 3ML - 01 - BG19
P0001420,AV FLUIDO COM COR MAT PERFECT 60 50ML - 02 - BG19
P0001421,AV FLUIDO MAT PERFECT 60  3ML - 01 - BG19
P0001422,AV FLUIDO MAT PERFECT 60  50ML 02 - BG19
P0001423,AV TRIXERA NUTRI-FLUIDA 10ML - 02 - BG19
P0001425,AV TRIXERA NUTRI-FLUIDA 400ML
P0001426,AV TRIXERA NUTRI-FLUIDA 200ML - 02 - BG19
P0001427,AV TRIXERA HYDRA-FLUIDA 10ML - 02 - BG19
P0001428,AV TRIXERA HYDRA-FLUIDA 200ML - 02 - BG19
P0001430,AV TRIXERA HYDRA-FLUIDA 400ML - 02 - BG19
P0001431,DW ACTINE LOÇÃO MICELAR 10ML P - 01 - BG19
P0001432,DW ACTINE LOÇÃO MICELAR 200ML P - 01 - BG19
P0001433,DW ACTINE PROT SOLAR PELE CLARA FPS30 3ML P - 01 - BG19
P0001434,DW ACTINE PROT SOLAR PELE CLARA FPS30 50ML P - 01 - BG19
P0001435,DW ACTINE PROT SOLAR PELE MORENA FPS30 50ML P - 01 - BG19
P0001436,DW ACTINE PROT SOLAR PELE MORENA FPS30 3ML P - 01 - BG19
P0001437,DW ACTINE SOLAR FPS70 5ML P - 01 - BG19
P0001438,DW ACTINE PROT SOLAR FPS70 50ML P - 01 - BG19
P0001442,DW DOCTAR SENSI SHAMPOO 8ML - 02 - BG19
P0001443,DW DOCTAR SENSI SHAMPOO 120ML - 04 - BG19
P0001444,DU ANAPHASE SHAMPOO 8ML - 03 - BG19
P0001445,DU EXTRA DX SHAMPOO 8ML - 03 - BG19
P0001446,DU KELUAL DS 8ML - 04 - BG19
P0001447,DU KERACNYL GEL 5 ML - 01 - BG19
P0001448,DU KERACNYL GEL 60ML - 01 - BG19
P0001449,DU KERACNYL GEL 150ML - 01 - BG19
P0001450,DU KERTYOL PSO 8 ML - 04 - BG19
P0001451,DU SENSINOL SHAMPOO 8ML - 04 - BG19
P0001452,DU SQUANORM  SHAMPOO 8ML - 01 - BG19
P0001748,DW SUNSAFE PROT SOLAR FPS60 3ML P - 01 BG19
P0001749,DW SUNSAFE PROT SOLAR FPS60 COLOR 3ML P - 01 BG19
P0001754,GRANEL NUTRIOL LOÇÃO HIDRATANTE COM PERFUME
P0001755,DW NUTRIOL LOÇÃO HIDRAT C/ PERF 8ML P - 01 - BG19
P0001756,DW NUTRIOL LOÇÃO HIDRAT C/ PERF 200ML P - 02 - BG19
P0001758,DW NUTRIOL LOÇÃO HIDRAT S/ PERF 8ML P - 01 - BG19
P0001759,DW NUTRIOL LOÇÃO HIDRAT S/ PERF 200ML P - 02 - BG19
P0001760,DW NUTRIOL LOÇÃO HIDRAT S/ PERF 400ML P - 02 - BG19
P0001761,DW DOCTAR SHAMPOO NF 8ML P - 02 - BG19
P0001764,DW DOCTAR SHAMPOO NF 140ML P - 01 - BG19
P0001765,DW SUAVIÉ SAB BARRA 16G P - 01 - BG19
P0001766,DW SUAVIÉ SAB BARRA 80G P - 02 - BG19
P0001767,DW SUAVIÉ SAB LÍQ 5ML P - 01 - BG19
P0001768,DW SUAVIÉ SAB LÍQ 60ML P - 01 - BG19
P0001769,DW SUAVIÉ SAB LÍQ 140ML P - 03
P0001770,DW NUTRIOL SAB BARRA 16G P - 02 - BG19
P0001771,DW NUTRIOL SAB BARRA 80G P - 03 - BG19
P0001772,DW NUTRIOL SAB LÍQ 5ML P - 01 - BG19
P0001773,DW NUTRIOL SAB LÍQ 140ML P - 02 - BG19
P0001776,DW ACTINE TRAT 30G P - 01 - BG19
P0001777,DW ACTINE TRAT 3G P - 01 - BG19
P0001778,DW SUNSAFE PROT SOLAR FPS30 3ML P - 01 - BG19
P0001779,DW SUNSAFE PROT SOLAR FPS30 50ML P - 01 - BG19
P0001780,DW SUNSAFE PROT SOLAR FPS30 COLOR 3ML P - 01 - BG19
P0001781,DW SUNSAFE PROT SOLAR FPS30 COLOR 50ML P - 01 - BG19
P0001782,DW SUNSAFE PROT SOLAR FPS60 50ML P - 01 - BG19
P0001783,DW SUNSAFE PROT SOLAR FPS60 COLOR 50ML P - 01 - BG19
P0001784,DW ACTINE ESFOLIANTE FACIAL 5G P 01 - BG19
P0001785,DW ACTINE ESFOLIANTE FACIAL 60G P - 01 - BG19
P0001786,DW ACTINE CONTROL SAB BARRA 16G P - 01 - BG19
P0001787,DW ACTINE CONTROL SAB LÍQ 5ML P - 01 - BG19
P0001788,DW ACTINE CONTROL SAB BARRA 80G P - 03 - BG19
P0001789,DW ACTINE CONTROL SAB LÍQ 60ML P - 02- BG19
P0001790,DW ACTINE CONTROL SAB LÍQ 140ML P - 02 - BG19
P0001791,DW ACTINE SAB BARRA 16G P - 01 - BG19
P0001792,DW ACTINE SAB BARRA 80G P - 03 - BG19
P0001793,DW ACTINE SAB LÍQ 60ML P - 01 - BG19
P0001794,DW ACTINE SAB LÍQ 140ML P - 02 - BG19
P0001795,DW ACTINE SAB LÍQ 5ML P - 01 - BG19
P0001796,DW ACTINE SAB LÍQ 240ML P - 03 - BG19
P0001797,DW ACTINE SAB LÍQ 400ML P - 02 - BG19
P0001804,DW SOAPELLE SAB BARRA 16G P - 01 - BG19
P0001805,DW SOAPELLE SAB BARRA 80G P - 02 - BG19
P0001806,DW SOAPELLE SAB LÍQ 5ML P - 01 - BG19
P0001807,DW SOAPELLE SAB LÍQ 140ML P - 02 - BG19
P0001827,DW KLINSE SHAMPOO 8ML P - 01 - BG19
P0001828,DW KLINSE SHAMPOO 140ML P - 03 - BG19
P0001829, DW KLINSE SHAMPOO NEUTRO 8ML P - 01 - BG19
P0001830,DW KLINSE SHAMPOO NEUTRO 140ML P - 02 - BG19
P0001831,DW ACTINE PROT SOLAR FPS30 3ML P - 02
P0001832,DW ACTINE PROT SOLAR FPS30 60ML P - 03
P0001833,DW ACTINE PROT SOLAR FPS30 120ML P - 02
P0001834,DW DOCTAR CREME 5ML P - 02 - BG19
P0001835,DW DOCTAR CREME 100ML P - 02 - BG19
P0001847,DW ACTINE LOÇÃO ADSTRINGENTE 190ML P - 02 - BG19
P0001848,GRANEL KLINSE SHP NF
P0001871,GRANEL NUTRIOL SABONETE LIQUIDO
P0001872,GRANEL NUTRIOL LOÇÃO HIDRATANTE SEM PERFUME
P0001878,GRANEL NUTRIOL LOÇÃO HIDRATANTE COM PERFUME E PARABENOS
P0001914,DU ANAPHASE SHAMPOO 200ML PEF - 01 - BG19
P0001915,DU ANAPHASE SHAMPOO 100ML PEF
P0001950,DW SUNSAFE P SOLAR FPS60 3ML P - 01 - BG19
P0001951,DW SUNSAFE P SOLAR FPS60 COLOR 3ML P - 01 - BG19
P0002084,AV TRIXERA SABONETE BARRA FAMILIA 80G PF - 02 - BG19
P0002115,DU KELUAL DS SHAMPOING 100ML PF - 03
P0002116,DU KERTYOL PSO SHAMPOING 100ML PF - 03
P0002132,PilotoAV GRANEL CLEANANCE SOLAR 50+
P0002132,AV GRANEL CLEANANCE SOLAR 50+
P0002133,PilotoAV  GRANEL CREME 50+ ANTI AGE
P0002133,AV  GRANEL CREME 50+ ANTI AGE
P0002202,AV TRIXERA SABONETE BARRA FAMILIA 16G PF - 00 - BG19
P0002383,GRANEL ACTINE ANTI ACNE FPS30
P0002384,GRANEL ACTINE ANTI ACNE FPS60
P0002388,DW ACTINE SAB LIQ 240ML DESC 20% - 01 - BG19
P0002405,GRANEL NUTRIOL LOÇÃO COM PERFUME E SEM PARABENOS
P0002406,GRANEL NUTRIOL LOÇÃO SEM PERFUME E SEM PARABENOS
P0002407,AV PHYSIOLIFT CREME NOITE - 01 - BG19
P0002408,AV PHYSIOLIFT CREME NOITE - 01 - BG19
P0002415,AV FLUIDO ANTI ACNE MAT PERFECT 60 3ML
P0002416,AV FLUIDO ANTI ACNE MAT PERFECT 60 50ML
P0002417,DW GRANEL NUTRIOL OLEO ANTI ESTRIAS
P0002418,DW NUTRIOL LOÇÃO HIDRAT C/ PERF SP 8ML P BG19
P0002419,DW NUTRIOL LOÇÃO C/ PERF SP 200ML P BG19
P0002420,DW NUTRIOL LOÇÃO S/ PERF SP 400ML P BG19
P0002421,DW NUTRIOL LOÇÃO HIDRAT S/ PERF SP 8ML P BG19
P0002422,DW NUTRIOL LOÇÃO S/ PERF SP 200ML P BG19
P0002455,DW ACTINE MASCARA ESFOLIANTE 5ML - 00 - BG19
P0002456,DW ACTINE SOLAR ANTI ACNE FPS60 40ML - 00 - BG19
P0002457,DW ACTINE SOLAR ANTI ACNE FPS60  3ML - 00 - BG19
P0002458,DW ACTINE SOLAR ANTI ACNE FPS30 40ML - 00 - BG19
P0002459,DW ACTINE SOLAR ANTI ACNE FPS30  3ML - 00 - BG19
P0002528,GRANEL ACTINE MASCARA ESFOLIANTE - BG19
P0002528,PILOTO GRANEL ACTINE MASCARA ESFOLIANTE - BG19
P0002752,DW ACTINE SAB BARRA 80G 20% DESCONTO
P0002753,P0001387
P0003016,AV EMULSÃO SOLAR TOQUE SECO COR FPS70 40G
P0003020,AV EMULSÃO SOLAR TOQUE SECO FPS70 40G