7010452,0108009,0.05
7010452,0226405,0.003
7010452,0226404,0.0007
7010452,0108077,0.05
7010452,0240703,0.055
7010452,1027108,1
7010452,0226402,0.005
7010452,0226401,0.003
7010452,0226400,0.003
7010452,0108060,0.002
7010452,0108051,0.005
7010452,0226409,0.005
7010452,0226406,0.01
7010452,0108037,0.025
7010452,0226408,0.005
7010452,0108022,0.06
7010452,0226407,0.06
7010453,0226400,0.003
7010453,0226401,0.003
7010453,1027192,1
7010453,0240703,0.055
7010453,0108051,0.005
7010453,0226409,0.005
7010453,0226402,0.005
7010453,0108077,0.05
7010453,0226404,0.0007
7010453,0226405,0.003
7010453,0108009,0.05
7010453,0226407,0.06
7010453,0108022,0.06
7010453,0226408,0.005
7010453,0108037,0.025
7010453,0226406,0.01
7010456,0108116,0.06
7010456,0108017,0.05
7010456,0108056,0.05
7010456,0108063,0.003
7010456,0240704,0.09
7010456,0108014,0.001
7010456,0108035,0.003
7010456,0108047,0.01
7010456,0108027,0.075
7010456,0226410,0.005
7010456,1027073,1
7010456,0108015,0.002
7010456,0108007,0.0015
7010464,0201240,0.0103
7010464,0209627,0.0309
7010464,0209886,3.26666666666667E-07
7010464,0209966,6.95333333333333E-06
7010464,0213012,0.000515333333333333
7010464,0214337,0.00206
7010464,0214820,0.0206
7010464,0217614,0.0309
7010464,0219439,0.000926666666666667
7010464,0221316,0.0103
7010464,0226320,0.00206
7010464,0227597,0.0206
7010464,0228389,0.00515333333333333
7010464,0108116,0.0515
7010464,0236164,0.0257533333333333
7010464,0237349,0.309
7010469,0220908,0.00207333333333333
7010469,0201313,0.00078
7010469,0228086,0.000726666666666667
7010469,0237349,0.362366666666667
7010469,0226307,0.0724733333333333
7010469,0209627,0.0517666666666667
7010469,0215135,0.00518
7010469,0228389,0.0155333333333333
7010469,0223307,0.0207066666666667
7010469,0214807,0.00103333333333333
7010469,0214803,0.00103333333333333
7010469,0207291,0.00310666666666667
7010469,0237642,0.0103533333333333
7010469,P0000706,0.0207066666666667
7010469,0236164,0.0517666666666667
7010469,0200360,0.000726666666666667
7010469,0214287,0.0103533333333333
7010528,0235021,0.000946666666666667
7010528,0213012,0.000526666666666667
7010528,0214296,0.00157333333333333
7010528,0223043,0.0063
7010528,0236164,0.0315
7010528,0226342,0.0105
7010528,0220921,0.0021
7010528,0108116,0.0315
7010528,0214820,0.0105
7010528,0209627,0.042
7010528,0227597,0.021
7010528,0226307,0.0735
7010528,0209458,0.00315333333333333
7010528,0228086,0.0315
7010528,0227565,0.0042
7010528,0213503,0.00105333333333333
7010528,0207117,0.021
7010528,0200371,0.021
7010528,0237349,0.3465
7010528,0228389,0.00525333333333333
7010528,0228394,0.00105333333333333
7010528,0123077,0.00105333333333333
7010528,0206253,0.000313333333333333
7010528,0219439,0.0105
7010529,0209627,0.052
7010529,0226307,0.0728
7010529,0237349,0.364
7010529,0209458,0.00312
7010529,0228086,0.0052
7010529,0227565,0.00416
7010529,0235823,0.0052
7010529,0235021,0.00104
7010529,0206253,0.000313333333333333
7010529,0123077,0.00208
7010529,0228389,0.0312
7010529,0213012,0.00052
7010529,0214296,0.00208
7010529,0108116,0.0312
7010529,0223043,0.00312
7010529,0236164,0.0312
7010529,0214820,0.0208
7010529,0227597,0.0208
7010530,0108089,0.06
7010530,0108102,0.15
7010530,0108085,0.02
7010530,1027191,1
7010530,0226404,0.01
7010530,0108099,0.01
7010530,0108100,0.0526
7010530,0108095,0.07
7010530,0108077,0.1
7010530,0108118,0.01
7010530,0108105,0.004
7010531,0237427,0.01352
7010531,0108014,0.00104
7010531,0226410,0.0052
7010531,0226404,0.0208
7010531,0200371,0.00104
7010531,0108088,0.0052
7010531,0108100,0.0728
7010531,0108108,0.052
7010531,0226402,0.00312
7010531,0108055,0.00104
7010531,0108107,0.000626666666666667
7010534,0226409,0.001
7010534,0108057,0.04
7010534,P0000443,0.02
7010534,0237387,0.005
7010534,0226364,0.004
7010534,0108141,0.02
7010534,0108042,0.01
7010534,0237388,0.08
7010534,0226362,0.06
7010534,0226359,0.09
7010534,0226367,0.02
7010534,0108008,0.001
7010534,P0000181,0.003
7010534,P0000598,0.001
7010534,0108029,0.002
7010534,0108015,0.001
7010534,0108032,0.03
7010534,P0000600,0.05
7010534,0226358,0.04
7010534,0237386,0.14
7010534,0226404,0.00011
7010534,P0000601,0.035
7010534,0108092,0.04
7010535,0226409,0.001
7010535,0108057,0.04
7010535,P0000443,0.02
7010535,0237387,0.005
7010535,0226364,0.004
7010535,0108141,0.02
7010535,0108042,0.01
7010535,0237388,0.08
7010535,0226362,0.06
7010535,0226359,0.09
7010535,0226367,0.02
7010535,0108008,0.001
7010535,P0000181,0.003
7010535,P0000598,0.001
7010535,0108029,0.002
7010535,0108015,0.001
7010535,0108032,0.03
7010535,P0000600,0.05
7010535,0226358,0.04
7010535,0237386,0.14
7010535,0226404,0.0005
7010535,0108092,0.04
7010536,0226409,0.001
7010536,0108057,0.03
7010536,P0000443,0.02
7010536,0237387,0.005
7010536,0226364,0.004
7010536,0108141,0.02
7010536,0108042,0.01
7010536,0237388,0.08
7010536,0226362,0.06
7010536,0226359,0.09
7010536,0226367,0.02
7010536,0108008,0.001
7010536,P0000181,0.003
7010536,P0000598,0.001
7010536,0108029,0.002
7010536,0108015,0.001
7010536,0108032,0.03
7010536,P0000600,0.05
7010536,0226358,0.03
7010536,0237386,0.08
7010536,0226404,0.00014
7010536,P0000601,0.035
7010536,0108092,0.04
7010537,0226409,0.001
7010537,0108057,0.03
7010537,P0000443,0.02
7010537,0237387,0.005
7010537,0226364,0.004
7010537,0108141,0.02
7010537,0108042,0.01
7010537,0237388,0.08
7010537,0226362,0.06
7010537,0226359,0.09
7010537,0226367,0.02
7010537,0108008,0.001
7010537,P0000181,0.003
7010537,P0000598,0.001
7010537,0108029,0.002
7010537,0108015,0.001
7010537,0108032,0.03
7010537,P0000600,0.05
7010537,0226358,0.03
7010537,0237386,0.08
7010537,0226404,0.0005
7010537,0108092,0.04
7010543,0108077,0.05
7010543,0226373,0.05
7010543,0237350,0.03
7010543,0226370,0.03
7010543,0226372,0.0485
7010543,0226368,0.005
7010543,0209458,0.01
7010543,0108015,0.002
7010543,0235515,0.1
7010543,0235516,0.07
7010543,0239517,0.08
7010543,0237398,0.005
7010543,P0000278,0.011
7010543,0226371,0.03
7010543,0226369,0.01
7010544,0108156,0.1
7010544,0108008,0.0015
7010544,0108157,0.001
7010544,0237369,0.01
7010544,0108077,0.03
7010544,0108155,0.05
7010544,0108088,0.005
7010544,0108014,0.0005
7010544,0108035,0.003
7010544,0213013,0.002
7010544,0226402,0.0035
7010544,0214820,0.01
7010544,0223043,0.002
7010544,0108063,0.015
7010544,P0000267,0.1
7010544,P0000268,0.035
7010544,P0000269,0.1
7010544,P0000270,1
9190400,P0000735,1.05197294498667
9190400,1611508,0.0657428011192139
9190400,P0001035,0.0673180726607768
9190408,P0001035,0.155607048278672
9190408,1716349,1.05199633326543
9190408,1822115,1.11509472397637
9190408,1822117,1.11509472397637
9190408,P0000271,1.05199633326543
9190408,1014693,1.11509472397637
9190408,1611503,0.0657465878997759
9190410,P0001035,0.2659500391679
9190410,P0000763,1.05196274697537
9190410,1716350,1.05196274697537
9190410,1822110,1.11506658542954
9190410,1822111,1.11506658542954
9190410,1014693,1.11506658542954
9190410,1611505,0.0657150317695187
9190416,P0000714,0.0653569344485509
9190416,P0001068,1.06289308176101
9190416,1611508,0.066459184335084
9190418,P0001048,0.0666622577871834
9190418,P0000734,1.06289266582898
9190418,1508030,1.06289266582898
9190418,1617532,0.0664638582104358
9190419,0225047,0.0738247213779129
9190419,0209664,0.00564481111593574
9190419,0202647,0.000940801852655956
9190419,0228394,9.40801852655956E-05
9190419,0200321,0.000122304240845274
9190419,0200371,0.00188160370531191
9190419,0213500,0.00940801852655956
9190419,0214243,0.00122304240845274
9190419,0214820,0.000940801852655956
9190419,1014690,0.000542770299609205
9190419,P0000939,1.02040816326531
9190419,1614528,0.0283326096396005
9190424,0108035,8.97955424571744E-05
9190424,0108055,8.97955424571744E-05
9190424,0108067,0.000448977712285872
9190424,0108082,0.000224488856142936
9190424,0108112,0.000897955424571744
9190424,0209664,0.00538773254743047
9190424,0225047,0.0826567968318291
9190424,1014690,0.000506538957450728
9190424,P0001049,1.02039970528642
9190424,1614528,0.0283661816172407
9190426,P0001060,0.212630480167015
9190426,1716363,1.05198329853862
9190426,1036104,1.05198329853862
9190426,1617534,0.0657620041753653
9190430,1822195,1.06006768189509
9190430,1822196,1.06006768189509
9190430,1716359,1.01001128031585
9190430,1014693,1.06006768189509
9190430,1611503,0.0624647490129724
9190430,7010544,0.148054145516074
9190430,P0000271,0.980400451212634
9190431,1508046,1.03027196938636
9190431,1614528,0.0278119447861145
9190431,1014690,0.00048380483804838
9190431,0225047,0.0715621156211562
9190431,0209664,0.00492004920049201
9190431,0202647,0.000820008200082001
9190431,0228394,8.20008200082001E-05
9190431,0200321,0.00010660106601066
9190431,0200371,0.001640016400164
9190431,0237384,0.000820008200082001
9190431,0108063,0.001230012300123
9190431,0214820,0.000820008200082001
9190432,7010543,0.0347009111939946
9190432,1718378,1.06609697370285
9190432,P0000573,0.0668051555639488
9190432,P0000940,1.06609697370285
9192733,P0001062,0.158628387498702
9192733,1716352,1.05196760461011
9192733,1036097,1.05196760461011
9192733,1831226,1.11509708233828
9192733,1831228,1.11509708233828
9192733,1014693,1.11509708233828
9192733,1611681,0.0657252621742291
9192735,P0001061,0.104694640631491
9192735,1718224,1.14250103863731
9192735,1508029,1.06294142085584
9192735,1611505,0.0714582467802243
9193004,7010518,0.066611685592844
9193004,1718368,1.02998583180021
9193004,P0000446,0.083338619975047
9193005,0225047,0.086036688517657
9193005,0100301,0.000446711778388666
9193005,0200371,0.000893423556777331
9193005,0108014,8.93423556777331E-05
9193005,0108035,8.93423556777331E-05
9193005,0215150,0.001340135335166
9193005,P0001370,0.000898710086699091
9193005,P0000708,1.01004440685134
9193005,1405989,1
9193005,P0000313,0.084161556354409
9195922,P0001046,0.158628387498702
9195922,1716353,1.05196760461011
9195922,1036099,1.05196760461011
9195922,1833007,1.11509708233828
9195922,1833009,1.11509708233828
9195922,1014693,1.11509708233828
9195922,1611681,0.0657252621742291
9195925,P0001070,0.154857837920024
9195925,1716351,1.05199939181998
9195925,1036099,1.05199939181998
9195925,1014693,1.11509806902843
9195925,1833010,1.11509806902843
9195925,1833011,1.11509806902843
9195925,1611681,0.0656834422989205
9197755,0225047,0.0775375582800898
9197755,0138041,0.00134691763080642
9197755,0209664,0.00538767052322569
9197755,0214337,0.00175099292004835
9197755,0214820,0.000897945087204282
9197755,0221316,0.000897945087204282
9197755,0202647,0.00179589017440856
9197755,0228389,0.000179589017440857
9197755,1014690,0.000518045242617855
9197755,P0001030,1.02037644620964
9197755,1614528,0.0283198065964428
9197779,0225047,0.0740512083300956
9197779,0209664,0.00363664620405626
9197779,0202647,0.00181832310202813
9197779,0237376,0.000909161551014065
9197779,0207291,0.000454580775507032
9197779,0226353,0.000909161551014065
9197779,0226406,0.000454580775507032
9197779,0201738,0.00181832310202813
9197779,0237360,0.000909161551014065
9197779,0228969,0.000909161551014065
9197779,0209627,0.000454580775507032
9197779,0209629,0.000909161551014065
9197779,0209628,0.00181832310202813
9197779,0108060,0.000909161551014065
9197779,0206242,4.54580775507032E-05
9197779,0237375,0.000454580775507032
9197779,0237374,0.000454580775507032
9197779,1014690,0.000543942808299013
9197779,1509722,1.02035900225348
9197779,1614528,0.02836273214702
9197783,P0001069,0.157103192966219
9197783,1716351,1.06830643897854
9197783,P0000271,1.05182785747339
9197783,1822168,1.115070183557
9197783,1822169,1.115070183557
9197783,1014693,1.115070183557
9197783,1611503,0.0657103192966219
9197879,7010452,0.250283058220607
9197879,1037180,1
9197879,1822166,1.06000834276861
9197879,1822167,1.06000834276861
9197879,1716354,1
9197879,1014693,1.02002264465765
9197879,1611505,0.0625111733508134
9197880,7010452,0.063
9197880,1036096,1.04533333333333
9197880,1822172,1.09093333333333
9197880,1822173,1.09093333333333
9197880,1716330,1.04533333333333
9197880,P0000261,1
9197882,P0001037,0.155607048278672
9197882,1716351,1.05199633326543
9197882,P0000271,1.05199633326543
9197882,P0001232,1.11509472397637
9197882,P0001233,1.11509472397637
9197882,1014693,1.11509472397637
9197882,1611503,0.0657465878997759
9197883,P0001037,0.0673165895571712
9197883,P0001234,1.05194976867151
9197883,1611508,0.0657633840052875
9197885,1716354,1
9197885,1037180,1
9197885,1822193,1.06000834276861
9197885,1822194,1.06000834276861
9197885,1611505,0.0625111733508134
9197885,1014693,1.02002264465765
9197885,7010453,0.250283058220607
9199201,1718375,1.05002987669075
9199201,1508037,1.00499755554348
9199201,1617532,0.0625237655494595
9199201,7010537,0.0553261991417242
9199202,1718374,1.05557716889902
9199202,1508034,1.00500194520091
9199202,1617532,0.0625243150113933
9199202,7010534,0.0566053465236481
9199204,1718376,1.04999164019395
9199204,1508036,1.00496015159115
9199204,1617532,0.0624756172323469
9199204,7010536,0.0567630830964722
9199206,7010519,0.0551643828196934
9199206,1718372,1.04999187564318
9199206,1508040,1.00498293885067
9199206,P0000477,0.0833559009911715
9199206,1405988,1
9199207,7010521,0.0551643828196934
9199207,P0000477,0.0833559009911715
9199207,1718369,1.04999187564318
9199207,1508041,0.100471212695662
9199207,1405988,1
9990421,P0001048,0.00579213809192721
9990421,0564154,0.00137908049807791
9990421,1611661,0.0106304121726839
9990425,0564150,0.0013810009761292
9990425,1611661,0.010626497470938
9990425,P0000714,0.00559055816842666
9990426,0225047,0.0156138289934375
9990426,0209664,0.00119386993705397
9990426,0202647,0.000198978322842329
9990426,0228394,1.98978322842329E-05
9990426,0200321,2.58671819695027E-05
9990426,0200371,0.000397956645684658
9990426,0213500,0.00198978322842329
9990426,0214243,0.000258671819695027
9990426,0214820,0.000198978322842329
9990426,P0000937,0.000516578338148354
9990426,1617532,0.0101976390456694
9991112,P0001062,0.0115875580231182
9991112,0564140,0.00136524984072085
9991112,1611661,0.0105238008555566
9991114,0564155,0.00137700194898737
9991114,1611661,0.0106240996525718
9991114,P0001061,0.0106770612659944
9993004,0225047,0.0190646605549295
9993004,0100301,9.89857765053452E-05
9993004,0200371,0.00019797155301069
9993004,0108014,0.000019797155301069
9993004,0108035,0.000019797155301069
9993004,0215150,0.000296957329516036
9993004,P0000863,0.00051777175402796
9993004,P0000955,0.00998994913653946
9995020,P0001035,0.00584894391675376
9995020,0564136,0.00136676352693902
9995020,1611661,0.0105206335350937
9995024,7010543,0.0055650072345094
9995024,0564171,0.00136740177762231
9995024,1611661,0.0100011130014469
9995026,1014705,0.000419901399671332
9995026,1617532,0.00997336657788859
9995026,0225047,0.0148359494531648
9995026,0209664,0.00102000340001133
9995026,0202647,0.000170000566668556
9995026,0228394,1.70000566668556E-05
9995026,0200321,2.21000736669122E-05
9995026,0200371,0.000340001133337111
9995026,0237384,0.000170000566668556
9995026,0108063,0.000255000850002833
9995026,0214820,0.000170000566668556
9995027,7010543,0.00570895957124549
9995027,P0001027,0.00144471629966212
9995027,1611661,0.00808575090294769
9997253,P0001046,0.0115875580231182
9997253,0564141,0.00136524984072085
9997253,1611661,0.0105238008555566
9997256,P0001070,0.0113116392714349
9997256,0564143,0.00136605952909818
9997256,1611661,0.0105175477565526
9997290,P0001042,0.0108646446355817
9997290,0564152,0.00137963741404212
9997290,1611661,0.0106275194550432
9997291,P0001109,0.0108646446355817
9997291,0564156,0.00137963741404212
9997291,1611661,0.0106275194550432
9997729,0225047,0.016300970027881
9997729,0138041,0.000283166821561338
9997729,0209664,0.00113266728624535
9997729,0214337,0.00036811686802974
9997729,0214820,0.000188777881040892
9997729,0221316,0.000188777881040892
9997729,0202647,0.000377555762081784
9997729,0228389,3.77555762081784E-05
9997729,P0001029,0.000522769516728624
9997729,1617532,0.0101940055762082
9997730,P0001036,0.00584894391675376
9997730,0564139,0.00136676352693902
9997730,1611661,0.0105206335350937
9997734,P0001069,0.00590571726777224
9997734,0564138,0.00136843325988635
9997734,1611661,0.0105183810738722
9997740,0225047,0.0153757351339577
9997740,0209664,0.000755100559064837
9997740,0202647,0.000377550279532419
9997740,0237376,0.000188775139766209
9997740,0207291,9.43875698831046E-05
9997740,0226353,0.000188775139766209
9997740,0226406,9.43875698831046E-05
9997740,0201738,0.000377550279532419
9997740,0237360,0.000188775139766209
9997740,0228969,0.000188775139766209
9997740,0209627,9.43875698831046E-05
9997740,0209629,0.000188775139766209
9997740,0209628,0.000377550279532419
9997740,0108060,0.000188775139766209
9997740,0206242,9.43875698831046E-06
9997740,0237375,9.43875698831046E-05
9997740,0237374,9.43875698831046E-05
9997740,1014702,0.000508240760909025
9997740,1617532,0.010201118129674
9997762,0108035,0.000018673561520151
9997762,0108055,0.000018673561520151
9997762,0108067,9.33678076007552E-05
9997762,0108082,4.66839038003776E-05
9997762,0108112,0.00018673561520151
9997762,0209664,0.00112041369120906
9997762,0225047,0.017189013379299
9997762,P0001051,0.000513009931872281
9997762,1617532,0.0101986374456209
9997765,P0001037,0.00584894391675376
9997765,P0001235,0.00136676352693902
9997765,1611661,0.0105206335350937
9997884,1718366,1.02040173916465
9997884,1038261,1.02040173916465
9997884,1611661,0.0102008695823251
9997884,1027095,1
9997884,P0001060,0.0100188868559287
9998001,7010535,0.00600225084406653
9998001,0564167,0.00138147043236452
9998001,1611661,0.0106289858697011
9998002,7010537,0.00600225084406653
9998002,0564165,0.00138147043236452
9998002,1611661,0.0106289858697011
9998003,7010536,0.00600225084406653
9998003,0564166,0.00138147043236452
9998003,1611661,0.0106289858697011
9998004,7010534,0.00600225084406653
9998004,0564168,0.00138147043236452
9998004,1611661,0.0106289858697011
9998005,7010521,0.00389298373103561
9998005,0564164,0.00129766124367854
9998005,P0000545,0.0100031143869848
9998006,7010519,0.00389298373103561
9998006,P0000545,0.0100031143869848
9998006,0564163,0.00129766124367854
9998007,7010522,0.00336
9998007,0564161,0.0013632
9998007,P0000545,0.02
9998008,7010520,0.00336
9998008,0564162,0.0013632
9998008,P0000545,0.02
P0000211,P0001048,0.132231404958678
P0000211,P0000733,1.06283615374524
P0000211,P0000215,0.0663780663780664
P0000517,0237426,0.1
P0000517,0237410,0.1
P0000517,0226376,0.035
P0000517,0108008,0.0015
P0000517,0108157,0.001
P0000517,0237369,0.01
P0000517,0108077,0.03
P0000517,0228985,0.05
P0000517,0210309,0.1
P0000517,0108088,0.005
P0000517,0108014,0.0005
P0000517,0108035,0.003
P0000517,0108015,0.002
P0000517,0226402,0.0035
P0000517,0214820,0.01
P0000517,0223043,0.002
P0000517,0108063,0.005
P0000519,P0000517,0.159531143946118
P0000519,1716359,1.05195008614838
P0000519,P0000755,1.11507335665431
P0000519,P0000753,1.11507335665431
P0000519,P0000271,1.05195008614838
P0000519,1014693,1.11507335665431
P0000519,1611503,0.0657338275988096
P0000520,P0000517,0.00599657338663621
P0000520,P0000816,0.00136593522405459
P0000520,1611661,0.010521233816317
P0000521,0225047,0.078543
P0000521,0209664,0.0054
P0000521,0202647,0.0009
P0000521,0228394,0.00009
P0000521,0200321,0.000117
P0000521,0200371,0.0018
P0000521,0237384,0.0009
P0000521,0108063,0.00135
P0000521,0214820,0.0009
P0000521,1014690,0.00055
P0000521,1614528,0.02835
P0000521,P0000751,1.0204
P0000528,0225047,0.0162964115651551
P0000528,0209664,0.00112041330802029
P0000528,0202647,0.000186735551336715
P0000528,0228394,1.86735551336715E-05
P0000528,0200321,0.000024275621673773
P0000528,0200371,0.000373471102673431
P0000528,0237384,0.000186735551336715
P0000528,0108063,0.000280103327005073
P0000528,0214820,0.000186735551336715
P0000528,P0001263,0.000497961470231241
P0000528,1617532,0.0102082101397404
P0000554,7010538,0.0577022153529109
P0000554,P0000489,1.06291144312783
P0000554,1405988,1.06291144312783
P0000554,P0000474,1.06291144312783
P0000554,P0000477,0.0885568721735646
P0000555,7010538,0.00389298373103561
P0000555,P0001740,0.00129766124367854
P0000555,1611661,0.0100031143869848
P0000556,7010532,0.00373275182789394
P0000556,P0001739,0.00135969654211944
P0000556,1611661,0.0100016492276117
P0000557,7010532,0.0544186792049583
P0000557,P0001643,1.00502244069246
P0000557,1405988,1
P0000557,P0000477,0.0833511434067108
P0000557,P0000490,1.05001068604403
P0000563,P0000596,0.00602699537321567
P0000563,P0000470,0.00135672623120006
P0000563,1611661,0.0100015074735902
P0000564,P0000593,0.0678288672350792
P0000564,P0001646,1.0500043500957
P0000564,P0000446,0.0875021750478511
P0000565,P0000488,1.05001078981442
P0000565,P0000469,0.0875053949072076
P0000565,P0000593,0.168240181268882
P0000566,P0000593,0.337208044982699
P0000566,P0000473,1.00497404844291
P0000566,1036100,1.00497404844291
P0000566,P0000476,0.0833693771626298
P0000568,0108082,0.000430465476668771
P0000568,P0000458,0.000215232738334386
P0000568,0237366,2.15232738334386E-05
P0000568,P0000461,0.0206408196062676
P0000568,P0000550,0.000215232738334386
P0000568,P0000485,0.000516558572002525
P0000568,P0000955,0.00998679905871549
P0000593,0108035,0.001
P0000593,0100301,0.003
P0000593,P0000460,0.2
P0000593,0237364,0.08
P0000593,0237356,0.05
P0000593,0228985,0.02
P0000593,0226376,0.01
P0000593,0108015,0.009
P0000593,P0000457,0.004
P0000593,0227565,0.01
P0000593,P0000466,0.004
P0000593,P0001537,0.0000005
P0000593,P0001512,0.007
P0000593,0226404,0.003
P0000593,P0000550,0.02
P0000593,P0000562,0.000012
P0000593,0209458,0.004
P0000596,0108035,0.001
P0000596,0100301,0.003
P0000596,P0000460,0.2
P0000596,0237364,0.08
P0000596,0237356,0.05
P0000596,0228985,0.02
P0000596,0226376,0.01
P0000596,0108015,0.009
P0000596,P0000457,0.004
P0000596,0227565,0.01
P0000596,P0000466,0.004
P0000596,P0001537,0.0000005
P0000596,P0001512,0.007
P0000596,0226404,0.003
P0000596,P0000550,0.02
P0000596,P0000562,0.000012
P0000596,0209458,0.004
P0000615,1611508,0.065752620166245
P0000615,P0000517,0.0690165341525117
P0000615,P0000736,1.05195157209975
P0000616,P0001042,0.212017107200449
P0000616,P0000589,1.0628899950922
P0000616,P0000591,0.0664656804318867
P0000617,P0001109,0.212017107200449
P0000617,P0000590,1.0628899950922
P0000617,P0000591,0.0664656804318867
P0000619,P0000586,1.06292850146915
P0000619,P0000587,1.06292850146915
P0000619,P0000592,0.0664789422135162
P0000619,P0001109,0.370225269343781
P0000621,0217614,0.01
P0000621,0237400,0.02
P0000621,0219439,0.002
P0000621,0237396,0.03
P0000621,0237395,0.08
P0000621,0237403,0.07
P0000621,0237394,0.09
P0000621,0237397,0.05
P0000621,0237389,0.04
P0000621,0237405,0.04
P0000621,0237404,0.04
P0000621,0237402,0.001
P0000621,0237393,0.0005
P0000621,0237401,0.003
P0000621,0237386,0.04
P0000621,0228394,0.001
P0000621,0226373,0.01
P0000621,0237399,0.06
P0000621,0226368,0.002
P0000621,0237398,0.005
P0000621,0226356,0.03
P0000712,0108046,0.002
P0000712,0108044,0.001
P0000712,0108041,0.001
P0000712,0108006,0.001
P0000712,0108049,0.0005
P0000712,0213014,0.005
P0000712,0108019,0.003
P0000712,0108058,0.001
P0000712,0108010,0.085
P0000712,0108057,0.03
P0000712,0108117,0.04
P0000712,0108042,0.018
P0000712,0108020,0.03
P0000712,0108038,0.005
P0000712,0108029,0.001
P0000712,0108032,0.02
P0000712,0108033,0.02
P0000712,0226402,0.0035
P0000712,0108040,0.0025
P0000712,0108008,0.001
P0000712,0108015,0.002
P0000712,0108077,0.005
P0000712,0226404,0.002
P0000712,0226410,0.005
P0000713,0226402,0.005
P0000713,0226405,0.003
P0000713,0108077,0.05
P0000713,0108037,0.025
P0000713,0226406,0.01
P0000713,0226408,0.005
P0000713,0240703,0.055
P0000713,0108022,0.06
P0000713,0226407,0.06
P0000713,0108009,0.05
P0000713,0226409,0.005
P0000713,0226401,0.003
P0000713,0226400,0.003
P0000713,0226404,0.0007
P0000713,0108051,0.005
P0000714,0108027,0.075
P0000714,0108007,0.0015
P0000714,0240704,0.09
P0000714,0108047,0.01
P0000714,0108035,0.003
P0000714,0108014,0.001
P0000714,0108015,0.002
P0000714,0108116,0.06
P0000714,0108017,0.05
P0000714,0108056,0.05
P0000714,0108063,0.003
P0000714,0226410,0.005
P0000998,0237388,0.08
P0000998,0226362,0.06
P0000998,0226359,0.09
P0000998,0226358,0.03
P0000998,0108057,0.03
P0000998,P0000443,0.02
P0000998,0108141,0.02
P0000998,0108042,0.01
P0000998,0108058,0.002
P0000998,0226364,0.004
P0000998,0108008,0.0018
P0000998,0237387,0.005
P0000998,0226367,0.02
P0000998,P0000601,0.035
P0000998,P0000598,0.001
P0000998,0108015,0.001
P0000998,P0000550,0.02
P0000998,0108029,0.002
P0000998,P0000181,0.003
P0000998,0108092,0.04
P0000998,0226404,0.00017
P0000998,P0000704,0.0001
P0000998,0226404,0.000175
P0000998,0108032,0.03
P0000998,P0000600,0.05
P0000998,0237386,0.08
P0000999,0237388,0.08
P0000999,0226362,0.06
P0000999,0226359,0.09
P0000999,0226358,0.03
P0000999,0108057,0.03
P0000999,P0000443,0.02
P0000999,0108141,0.02
P0000999,0108042,0.01
P0000999,0108058,0.002
P0000999,0226364,0.004
P0000999,0108008,0.0018
P0000999,0237387,0.005
P0000999,0226367,0.02
P0000999,0100301,0.006
P0000999,P0000598,0.001
P0000999,0108015,0.001
P0000999,P0000550,0.02
P0000999,0108029,0.002
P0000999,P0000181,0.003
P0000999,0108092,0.04
P0000999,0226404,0.00017
P0000999,P0000704,0.0001
P0000999,0226404,0.000315
P0000999,0108032,0.03
P0000999,P0000600,0.05
P0000999,0237386,0.08
P0001000,0237388,0.08
P0001000,0226362,0.06
P0001000,0226359,0.09
P0001000,0226358,0.04
P0001000,0108057,0.04
P0001000,P0000443,0.02
P0001000,0108141,0.02
P0001000,0108042,0.01
P0001000,0108058,0.002
P0001000,0226364,0.004
P0001000,0108008,0.0018
P0001000,0237387,0.005
P0001000,0226367,0.02
P0001000,P0000601,0.035
P0001000,P0000598,0.001
P0001000,0108015,0.001
P0001000,P0000550,0.02
P0001000,0108029,0.002
P0001000,P0000181,0.003
P0001000,0108092,0.04
P0001000,0226404,0.00017
P0001000,P0000704,0.0001
P0001000,0226404,0.00028
P0001000,0108032,0.03
P0001000,P0000600,0.05
P0001000,0237386,0.14
P0001001,0237388,0.08
P0001001,0226362,0.06
P0001001,0226359,0.09
P0001001,0226358,0.04
P0001001,0108057,0.04
P0001001,P0000443,0.02
P0001001,0108141,0.02
P0001001,0108042,0.01
P0001001,0108058,0.002
P0001001,0226364,0.004
P0001001,0108008,0.0018
P0001001,0237387,0.005
P0001001,0226367,0.02
P0001001,0100301,0.006
P0001001,P0000598,0.001
P0001001,0108015,0.001
P0001001,P0000550,0.02
P0001001,0108029,0.002
P0001001,P0000181,0.003
P0001001,0108092,0.04
P0001001,0226404,0.00017
P0001001,P0000704,0.0001
P0001001,0226404,0.00045
P0001001,0108032,0.03
P0001001,P0000600,0.05
P0001001,0237386,0.14
P0001002,0226365,0.05
P0001002,0226359,0.08
P0001002,0226362,0.05
P0001002,P0000659,0.05
P0001002,0226358,0.03
P0001002,0108058,0.001
P0001002,P0000443,0.02
P0001002,0108057,0.03
P0001002,0100301,0.006
P0001002,0108042,0.02
P0001002,0226364,0.004
P0001002,0226367,0.01
P0001002,0108008,0.002
P0001002,0108032,0.03
P0001002,P0000550,0.02
P0001002,0108149,0.01
P0001002,0108029,0.002
P0001002,0108015,0.001
P0001002,0108035,0.001
P0001002,P0000181,0.005
P0001002,P0000598,0.002
P0001002,0226404,0.0002
P0001002,0237386,0.08
P0001002,P0000635,0.005
P0001032,P0000684,0.0551643828196934
P0001032,P0000676,1.04999187564318
P0001032,P0000678,1.00498293885067
P0001032,1405988,1
P0001032,P0000477,0.0833559009911715
P0001033,P0000686,0.0551643828196934
P0001033,P0000677,1.04999187564318
P0001033,P0000679,1.00498293885067
P0001033,P0000477,0.0833559009911715
P0001033,1405988,1
P0001035,0213012,0.0005
P0001035,0228086,0.003
P0001035,P0002536,0.02
P0001035,0237349,0.3
P0001035,0209627,0.03
P0001035,0236164,0.03
P0001035,0236164,0.005
P0001035,0227597,0.02
P0001035,0214820,0.01
P0001035,0206253,0.0003
P0001035,0219439,0.006
P0001035,0227565,0.004
P0001035,0223043,0.002
P0001035,0214243,0.002
P0001035,0209458,0.003
P0001036,0226401,0.002
P0001036,0213012,0.0005
P0001036,0209886,0.00000032
P0001036,0209966,0.00000675
P0001036,0214820,0.02
P0001036,0237349,0.3
P0001036,0227597,0.02
P0001036,0209627,0.03
P0001036,0219439,0.0009
P0001036,0221316,0.01
P0001036,0201240,0.01
P0001036,0236164,0.025
P0001036,0214337,0.002
P0001036,0228389,0.005
P0001036,0217614,0.03
P0001036,0108116,0.05
P0001037,0220908,0.002
P0001037,0201313,0.00075
P0001037,0228086,0.0007
P0001037,0237349,0.35
P0001037,0226307,0.07
P0001037,0209627,0.05
P0001037,0215135,0.005
P0001037,0228389,0.015
P0001037,0223307,0.02
P0001037,0214807,0.001
P0001037,0214803,0.001
P0001037,0207291,0.003
P0001037,0237642,0.01
P0001037,P0000706,0.02
P0001037,0200360,0.0009
P0001037,0236164,0.05
P0001037,0214287,0.01
P0001042,0226402,0.005
P0001042,0226405,0.003
P0001042,0108077,0.05
P0001042,0108037,0.025
P0001042,0226406,0.01
P0001042,0226408,0.005
P0001042,0240703,0.055
P0001042,0108022,0.06
P0001042,0226407,0.06
P0001042,0108009,0.05
P0001042,0226409,0.005
P0001042,0226401,0.003
P0001042,0226400,0.003
P0001042,0226404,0.0007
P0001042,0108051,0.005
P0001042,0108060,0.002
P0001046,0123077,0.001
P0001046,0200371,0.02
P0001046,0206253,0.0003
P0001046,0207117,0.02
P0001046,0209458,0.003
P0001046,0209627,0.04
P0001046,0213012,0.0005
P0001046,0213503,0.001
P0001046,0214296,0.0015
P0001046,0214820,0.01
P0001046,0219439,0.01
P0001046,0220921,0.002
P0001046,0223043,0.006
P0001046,0226307,0.07
P0001046,0226342,0.01
P0001046,0227565,0.004
P0001046,0227597,0.02
P0001046,0228086,0.03
P0001046,0228389,0.005
P0001046,0228394,0.001
P0001046,0108116,0.03
P0001046,0235021,0.0009
P0001046,0236164,0.03
P0001046,0237349,0.33
P0001048,0108046,0.002
P0001048,0108044,0.001
P0001048,0108041,0.001
P0001048,0108006,0.001
P0001048,0108049,0.0005
P0001048,0213014,0.005
P0001048,0108019,0.003
P0001048,0108058,0.001
P0001048,0108010,0.085
P0001048,0108057,0.03
P0001048,0108117,0.04
P0001048,0108042,0.018
P0001048,0108020,0.03
P0001048,0108038,0.005
P0001048,0108029,0.001
P0001048,0108032,0.02
P0001048,0108033,0.02
P0001048,0226402,0.0035
P0001048,0108040,0.0025
P0001048,0108008,0.001
P0001048,0108015,0.002
P0001048,0108077,0.005
P0001048,0226404,0.002
P0001048,0226410,0.005
P0001057,0213014,0.05
P0001057,0209458,0.035
P0001057,P0000858,0.01
P0001057,0108077,0.09
P0001057,0227532,0.001
P0001057,P0000711,0.0055
P0001057,P0000720,0.003
P0001057,0226342,0.005
P0001057,0200371,0.02
P0001057,0108118,0.015
P0001057,P0000748,0.4
P0001057,0108055,0.005
P0001057,P0000771,0.04
P0001057,0223043,0.005
P0001060,0108014,0.001
P0001060,0237427,0.013
P0001060,0226402,0.003
P0001060,0108055,0.001
P0001060,0108107,0.0006
P0001060,0108108,0.05
P0001060,0108100,0.07
P0001060,0108088,0.005
P0001060,0200371,0.001
P0001060,0226404,0.02
P0001060,0226410,0.005
P0001061,0108085,0.02
P0001061,0108102,0.15
P0001061,0108089,0.06
P0001061,0108099,0.01
P0001061,0108118,0.01
P0001061,0108077,0.1
P0001061,0108095,0.07
P0001061,0108100,0.0526
P0001061,0108105,0.004
P0001061,0226404,0.01
P0001062,0200371,0.02
P0001062,0206253,0.0005
P0001062,0209458,0.003
P0001062,0209627,0.05
P0001062,0210347,0.05
P0001062,0213012,0.0005
P0001062,0213503,0.02
P0001062,0214820,0.01
P0001062,0219439,0.004
P0001062,0223043,0.025
P0001062,0226307,0.06
P0001062,0226342,0.005
P0001062,0227532,0.001
P0001062,0227565,0.004
P0001062,0227597,0.02
P0001062,0228086,0.003
P0001062,0228389,0.03
P0001062,0235021,0.0003
P0001062,0108118,0.0125
P0001062,0236164,0.05
P0001062,0237349,0.35
P0001069,0207291,0.005
P0001069,0237349,0.2
P0001069,0217511,0.08
P0001069,0219552,0.01
P0001069,0209627,0.04
P0001069,0217509,0.02
P0001069,0215135,0.005
P0001069,0214276,0.0005
P0001069,0217507,0.01
P0001069,0235823,0.02
P0001069,0228368,0.02
P0001069,0209458,0.05
P0001069,0200360,0.0006
P0001070,0123077,0.002
P0001070,0206253,0.0003
P0001070,0209458,0.003
P0001070,0209627,0.05
P0001070,0213012,0.0005
P0001070,0214296,0.002
P0001070,0214820,0.02
P0001070,0223043,0.003
P0001070,0226307,0.07
P0001070,0227565,0.004
P0001070,0227597,0.02
P0001070,0228086,0.005
P0001070,0228389,0.03
P0001070,0108116,0.03
P0001070,0235021,0.001
P0001070,0235823,0.005
P0001070,0236164,0.03
P0001070,0237349,0.35
P0001089,0108082,0.00202040610162643
P0001089,P0000458,0.00101020305081321
P0001089,0237366,0.000101020305081321
P0001089,P0000461,0.0968784725729872
P0001089,P0000550,0.00101020305081321
P0001089,P0000479,1.01000101020305
P0001089,1405989,1
P0001089,P0000313,0.0841499141327407
P0001089,P0001370,0.000909182745731892
P0001091,0237361,0.0879509834858525
P0001091,0237371,0.000184074892184706
P0001091,0237367,1.84074892184706E-05
P0001091,0108085,3.68149784369412E-05
P0001091,0240703,0.000901966971705059
P0001091,P0000459,0.00092037446092353
P0001091,0226409,0.000092037446092353
P0001091,P0000550,0.00092037446092353
P0001091,0237360,0.000092037446092353
P0001091,P0000570,0.00092037446092353
P0001091,1014703,0.00105185652676975
P0001091,P0000927,1.02040601661933
P0001091,P0000313,0.0849900073629957
P0001091,P0001039,1.02040601661933
P0001092,0237361,0.0185270396029366
P0001092,0237371,3.87757212284148E-05
P0001092,0237367,3.87757212284149E-06
P0001092,0108085,7.75514424568297E-06
P0001092,0240703,0.000190001034019233
P0001092,P0000459,0.000193878606142074
P0001092,0226409,1.93878606142074E-05
P0001092,P0000550,0.000193878606142074
P0001092,0237360,1.93878606142074E-05
P0001092,P0000570,0.000193878606142074
P0001092,P0000955,0.0204218798469652
P0001092,P0000898,0.000517009616378865
P0001109,0226402,0.005
P0001109,0226405,0.003
P0001109,0108077,0.05
P0001109,0108037,0.025
P0001109,0226406,0.01
P0001109,0226408,0.005
P0001109,0240703,0.055
P0001109,0108022,0.06
P0001109,0226407,0.06
P0001109,0108009,0.05
P0001109,0226409,0.005
P0001109,0226401,0.003
P0001109,0226400,0.003
P0001109,0226404,0.0007
P0001109,0108051,0.005
P0001162,1611661,0.00999873239274314
P0001162,P0000684,0.00391229694276177
P0001162,P0000680,0.00135979687554017
P0001163,P0000686,0.00391229694276177
P0001163,P0000681,0.00135979687554017
P0001163,1611661,0.00999873239274314
P0001239,0213014,0.05
P0001239,0209458,0.035
P0001239,P0000858,0.01
P0001239,0108077,0.09
P0001239,0227532,0.001
P0001239,P0000711,0.0055
P0001239,P0000720,0.003
P0001239,0226342,0.005
P0001239,0200371,0.02
P0001239,0108118,0.015
P0001239,P0000748,0.4
P0001239,0108055,0.005
P0001239,P0000771,0.04
P0001239,0223043,0.005
P0001375,0108077,0.15
P0001375,P0001249,0.08
P0001375,0108016,0.02
P0001375,P0001242,0.03
P0001375,0108085,0.05
P0001375,P0001245,0.005
P0001375,P0001241,0.05
P0001375,P0001248,0.005
P0001375,P0001244,0.003
P0001375,P0001246,0.004
P0001375,P0001247,0.005
P0001375,P0001243,0.00025
P0001382,P0001121,0.001
P0001382,0108042,0.025
P0001382,0237393,0.0005
P0001382,P0001122,0.001
P0001382,P0001125,0.01
P0001382,0237388,0.02
P0001382,0226364,0.0015
P0001382,P0001124,0.005
P0001382,P0001126,0.01
P0001382,0108032,0.06
P0001382,0108015,0.0005
P0001382,P0001123,0.03
P0001382,P0001137,0.004
P0001382,0226404,0.0005
P0001382,P0001127,0.016
P0001382,0226373,0.004
P0001382,P0001129,0.0015
P0001382,0226402,0.005
P0001382,P0001130,0.004
P0001382,P0001131,0.005
P0001382,P0001132,0.025
P0001382,P0001133,0.04
P0001382,P0001171,0.02
P0001382,P0001172,0.002
P0001382,P0001128,0.015
P0001382,0237386,0.054
P0001382,0108057,0.03
P0001382,0237403,0.038
P0001382,0108010,0.055
P0001382,0226409,0.001
P0001387,0200371,0.02
P0001387,0206253,0.0005
P0001387,0209458,0.003
P0001387,0209627,0.05
P0001387,0210347,0.05
P0001387,0213012,0.0005
P0001387,P0000858,0.01
P0001387,0219439,0.004
P0001387,0223043,0.025
P0001387,0226307,0.06
P0001387,0226342,0.005
P0001387,0227532,0.001
P0001387,0227565,0.004
P0001387,0227597,0.02
P0001387,0228086,0.003
P0001387,0228389,0.03
P0001387,0235021,0.0003
P0001387,0108118,0.015
P0001387,0236164,0.05
P0001387,0237349,0.35
P0001388,P0001121,0.001
P0001388,0108042,0.025
P0001388,0237393,0.0005
P0001388,P0001122,0.001
P0001388,P0001125,0.01
P0001388,0237388,0.02
P0001388,0226364,0.0015
P0001388,P0001124,0.005
P0001388,P0001126,0.01
P0001388,0108032,0.06
P0001388,0108015,0.0005
P0001388,P0001123,0.03
P0001388,P0001137,0.004
P0001388,0226404,0.0005
P0001388,P0001127,0.016
P0001388,0226373,0.004
P0001388,P0001129,0.0015
P0001388,0226402,0.005
P0001388,P0001130,0.004
P0001388,P0001131,0.005
P0001388,P0001132,0.025
P0001388,P0001133,0.04
P0001388,P0001171,0.02
P0001388,P0001172,0.002
P0001388,P0001128,0.015
P0001388,0237386,0.054
P0001388,0108057,0.03
P0001388,0237403,0.038
P0001388,0108010,0.055
P0001388,0226409,0.001
P0001390,0226373,0.01
P0001390,P0000858,0.01
P0001390,P0001750,0.03
P0001390,0108035,0.005
P0001390,P0001313,0.01
P0001390,P0001314,0.014
P0001390,0108014,0.0005
P0001390,0213012,0.002
P0001390,0108107,0.0004
P0001390,0219439,0.01
P0001411,P0000998,0.00381465615113304
P0001411,P0001355,0.00135859281573092
P0001411,1611661,0.00999833487231498
P0001412,P0001345,1.04999169573161
P0001412,P0001351,1.00498256103637
P0001412,1405988,1
P0001412,P0002010,0.0833194928860101
P0001412,P0000998,0.0558046836073742
P0001413,P0000999,0.00376583106063436
P0001413,P0001356,0.00135988343856241
P0001413,1611661,0.0100011207830538
P0001415,P0001346,0.99547289189484
P0001415,P0001352,1.00501799934548
P0001415,1405988,1
P0001415,P0002010,0.0833424239118578
P0001415,P0000999,0.0549798189156758
P0001417,1611661,0.0100016492276117
P0001417,P0000471,0.00135969654211944
P0001417,P0001002,0.00373275182789394
P0001418,P0000477,0.0833511434067108
P0001418,1405988,1
P0001418,P0001401,1.05001068604403
P0001418,P0001402,1.00502244069246
P0001418,P0001002,0.0544186792049583
P0001419,P0001000,0.00373905269912867
P0001419,P0001357,0.00135763223004077
P0001419,1611661,0.0100004822190981
P0001420,P0001347,1.04998106777736
P0001420,P0001353,1.00497646995186
P0001420,1405988,1
P0001420,P0000477,0.0833558716936225
P0001420,P0001000,0.0545248012116622
P0001421,P0001001,0.00382410628587471
P0001421,P0001358,0.00135816473248328
P0001421,1611661,0.0100003414380612
P0001422,P0001349,1.05002498473155
P0001422,P0001354,1.00499694631059
P0001422,1405988,1
P0001422,P0000477,0.0833379601354728
P0001422,P0001001,0.0559657986785853
P0001423,P0000759,0.0109955952843633
P0001423,P0001323,0.00167336010709505
P0001423,1611661,0.00999697715593557
P0001425,P0001321,1.01013645224172
P0001425,P0001326,1.01013645224172
P0001425,P0000759,0.392982456140351
P0001425,P0001316,0.0834307992202729
P0001426,P0000759,0.215327695560254
P0001426,P0001318,1.05010570824524
P0001426,P0001317,0.0625792811839323
P0001427,P0000758,0.0110586319218241
P0001427,P0001322,0.00167209554831705
P0001427,1611661,0.01
P0001428,P0000758,0.216609953211399
P0001428,P0001319,1.04997873245427
P0001428,P0001317,0.0625265844321565
P0001430,P0000758,0.434328358208955
P0001430,P0001320,1.00511727078891
P0001430,P0001324,1.00511727078891
P0001430,P0001316,0.0831556503198294
P0001431,P0001332,1.00499223801919
P0001431,1038261,1.00499223801919
P0001431,1611661,0.00999564435609064
P0001431,P0001390,0.0114921989300752
P0001431,P0001676,1
P0001432,P0001333,1.00498410863912
P0001432,1036104,1.00498410863912
P0001432,1617534,0.083357411152846
P0001432,P0001390,0.22298468650679
P0001433,P0001344,0.00136028562271267
P0001433,1611661,0.00999903102941944
P0001433,P0001382,0.00379575590885714
P0001434,P0001336,1.05001089561996
P0001434,P0001340,1.00501198518196
P0001434,1617532,0.062486380475049
P0001434,P0001382,0.0554859446502506
P0001435,P0001337,1.05001089561996
P0001435,P0001341,1.00501198518196
P0001435,1617532,0.062486380475049
P0001435,P0001388,0.0554859446502506
P0001436,1611661,0.00999903102941944
P0001436,P0001343,0.00136028562271267
P0001436,P0001382,0.00379575590885714
P0001437,P0001342,0.00135836296857693
P0001437,1611661,0.00999825103480441
P0001437,P0000621,0.0059377368390369
P0001438,P0001335,1.05001089561996
P0001438,P0001339,1.00501198518196
P0001438,1617532,0.062486380475049
P0001438,P0000621,0.0554859446502506
P0001442,P0001057,0.00934918303653387
P0001442,P0001378,0.00167064439140811
P0001442,1611661,0.00999632825408482
P0001443,P0001057,0.137110163787301
P0001443,P0001374,1.04998878169172
P0001443,P0000215,0.0625084137312093
P0001444,1611661,0.0100020521605682
P0001444,P0001364,0.00198970350741008
P0001444,P0000837,0.00918118793329586
P0001445,1611661,0.00999973428518286
P0001445,P0001365,0.00198400396800794
P0001445,P0000836,0.00911401822803646
P0001446,P0001366,0.00198400396800794
P0001446,1611661,0.00999973428518286
P0001446,P0001728,0.00911401822803646
P0001447,P0000828,0.00580123714158778
P0001447,1611661,0.0100019365936457
P0001447,P0001362,0.00136131141564996
P0001448,P0000446,0.0624920127795527
P0001448,P0001359,1.05003194888179
P0001448,P0000828,0.0650798722044728
P0001449,P0000469,0.0624900872323553
P0001449,P0001360,1.04996034892942
P0001449,P0000828,0.161538461538462
P0001450,P0001367,0.00198857986989006
P0001450,1611661,0.00999971591716145
P0001450,P0000834,0.00974404136246129
P0001451,P0001368,0.00198695292855761
P0001451,1611661,0.00999630743261064
P0001451,P0000833,0.0090467901039194
P0001452,1611661,0.00999745055905598
P0001452,P0001369,0.00167534690607131
P0001452,P0000832,0.00927359143387843
P0001748,7010535,0.00377370375036125
P0001748,P0001661,0.00135979310395933
P0001748,1611661,0.0100002223094993
P0001749,7010534,0.00386190422022523
P0001749,P0001662,0.00135744890607819
P0001749,1611661,0.00999886247298373
P0001754,0226402,0.005
P0001754,0108077,0.05
P0001754,0108037,0.025
P0001754,0226409,0.005
P0001754,0108008,0.002
P0001754,0226406,0.01
P0001754,0226408,0.005
P0001754,0240703,0.055
P0001754,0108022,0.06
P0001754,0226407,0.06
P0001754,0108009,0.05
P0001754,0226405,0.003
P0001754,0226404,0.00132
P0001754,0108060,0.002
P0001754,0108051,0.005
P0001755,P0001583,0.00167120158554201
P0001755,1611661,0.0100020155195002
P0001755,P0001878,0.00868562934596392
P0001756,P0001562,1.04999661269562
P0001756,P0000591,0.0625296389133528
P0001756,P0001878,0.210199173497731
P0001758,P0001584,0.00167120158554201
P0001758,1611661,0.0100020155195002
P0001758,P0001872,0.00868562934596392
P0001759,P0001563,1.04999661269562
P0001759,P0000591,0.0625296389133528
P0001759,P0001872,0.210199173497731
P0001760,P0001632,1.00488997555012
P0001760,P0001929,1.00488997555012
P0001760,P0001316,0.0831295843520782
P0001760,P0001872,0.421454767726161
P0001761,P0001580,0.00166929844349199
P0001761,1611661,0.00999774419129258
P0001761,P0001387,0.00937965260545906
P0001764,1716352,1.00497512437811
P0001764,P0001744,1.00497512437811
P0001764,P0001606,1.03497817037263
P0001764,P0001597,1.03000304599452
P0001764,1014693,1.02000203066301
P0001764,1611681,0.0624936541780891
P0001764,P0001387,0.158315565031983
P0001765,P0001626,0.000510401992609379
P0001765,1617532,0.0100038790551438
P0001765,0108035,1.85786325309814E-05
P0001765,0108055,1.85786325309814E-05
P0001765,0108067,0.000092893162654907
P0001765,0108082,4.64465813274535E-05
P0001765,0108112,0.000185786325309814
P0001765,0209664,0.00111471795185888
P0001765,0225047,0.0171016312447684
P0001766,P0001620,1.00998636223659
P0001766,P0001370,0.000894373322775065
P0001766,1614528,0.0280673969469007
P0001766,0108035,8.57859311072984E-05
P0001766,0108055,8.57859311072984E-05
P0001766,0108067,0.000428929655536492
P0001766,0108082,0.000214464827768246
P0001766,0108112,0.000857859311072984
P0001766,0209664,0.0051471558664379
P0001766,0225047,0.0789659495842682
P0001767,P0001037,0.00595350595350595
P0001767,P0001586,0.00135736499372863
P0001767,1611661,0.00999982818164636
P0001768,P0001037,0.0669349645846748
P0001768,P0001564,1.05003219575016
P0001768,1611508,0.0625241468126207
P0001769,P0002976,1.0199850857569
P0001769,P0001037,0.15503355704698
P0001769,1716351,1.00497141436739
P0001769,P0000271,1.00497141436739
P0001769,P0001611,1.03499875714641
P0001769,P0001601,1.02997762863535
P0001769,1611503,0.0624906785980612
P0001770,0225047,0.0152979845409232
P0001770,0209664,0.000751282236509427
P0001770,0202647,0.000375641118254714
P0001770,0237376,0.000187820559127357
P0001770,0207291,9.39102795636784E-05
P0001770,0226353,0.000187820559127357
P0001770,0226406,9.39102795636784E-05
P0001770,0201738,0.000375641118254714
P0001770,0237360,0.000187820559127357
P0001770,0228969,0.000187820559127357
P0001770,0209627,9.39102795636784E-05
P0001770,0209629,0.000187820559127357
P0001770,0209628,0.000375641118254714
P0001770,0108060,0.000187820559127357
P0001770,0206242,9.39102795636784E-06
P0001770,0237375,9.39102795636784E-05
P0001770,0237374,9.39102795636784E-05
P0001770,P0001628,0.000505670736112114
P0001770,1617532,0.0100050567073611
P0001771,1614528,0.0280612244897959
P0001771,P0001618,1.00998542274052
P0001771,P0001370,0.00087463556851312
P0001771,0225047,0.0694580903790088
P0001771,0209664,0.00341107871720117
P0001771,0202647,0.00170553935860058
P0001771,0237376,0.000852769679300291
P0001771,0207291,0.000426384839650146
P0001771,0226353,0.000852769679300291
P0001771,0226406,0.000426384839650146
P0001771,0201738,0.00170553935860058
P0001771,0237360,0.000852769679300291
P0001771,0228969,0.000852769679300291
P0001771,0209627,0.000426384839650146
P0001771,0209629,0.000852769679300291
P0001771,0209628,0.00170553935860058
P0001771,0108060,0.000852769679300291
P0001771,0206242,4.26384839650146E-05
P0001771,0237375,0.000426384839650146
P0001771,0237374,0.000426384839650146
P0001772,P0001585,0.00136034563288183
P0001772,1611661,0.0100011676786548
P0001772,P0001871,0.0060690098085007
P0001773,P0002976,1.01995126408772
P0001773,1611503,0.0624428876028023
P0001773,1716351,1.0050258909534
P0001773,P0000271,1.0050258909534
P0001773,P0001599,1.03000304599452
P0001773,P0001609,1.03502893694791
P0001773,P0001871,0.158315565031983
P0001776,7010543,0.0340896050492493
P0001776,P0001560,1.0499665295974
P0001776,P0000573,0.0624940231423927
P0001776,P0001616,1.00497274552931
P0001777,7010543,0.00373274205624113
P0001777,P0001578,0.00135602804203163
P0001777,1611661,0.0100000523562951
P0001778,7010537,0.0037863016550432
P0001778,P0001587,0.00135689750033458
P0001778,1611661,0.0100001487010959
P0001779,7010537,0.0553261991417242
P0001779,P0001621,1.00499755554348
P0001779,P0001565,1.05002987669075
P0001779,1617532,0.0625237655494595
P0001780,7010536,0.00308636363636364
P0001780,P0001588,0.00135696556652362
P0001780,1611661,0.0100004941331195
P0001781,P0001622,1.00496015159115
P0001781,P0001566,1.04999164019395
P0001781,1617532,0.0624756172323469
P0001781,7010536,0.04074
P0001782,7010535,0.04074
P0001782,P0001623,1.00497159090909
P0001782,P0001567,1.04998907342657
P0001782,1617532,0.0625
P0001783,7010534,0.04074
P0001783,P0001624,1.00500194520091
P0001783,P0001568,1.05001945200911
P0001783,1617532,0.0625243150113933
P0001784,P0001572,0.00136131141564996
P0001784,1611661,0.0100019365936457
P0001784,P0000714,0.00580123714158778
P0001785,P0000714,0.0659095321296836
P0001785,P0001555,1.07584287840549
P0001785,1611508,0.0625121335662978
P0001786,P0002186,0.00051777175402796
P0001786,1617532,0.00998994913653946
P0001786,0225047,0.0159479791673012
P0001786,0209664,0.00109645783205921
P0001786,0202647,0.000182742972009868
P0001786,0228394,1.82742972009868E-05
P0001786,0200321,2.37565863612829E-05
P0001786,0200371,0.000365485944019736
P0001786,P0002187,0.000182742972009868
P0001786,0108063,0.000274114458014802
P0001786,0214820,0.000182742972009868
P0001787,P0000517,0.00608998260004971
P0001787,P0001571,0.0013612206005942
P0001787,1611661,0.0100020122391487
P0001788,1614528,0.0280716804880374
P0001788,P0002185,1.01000857878181
P0001788,P0001370,0.00090553808025927
P0001788,0225047,0.0748670288818988
P0001788,0209664,0.00514726908778953
P0001788,0202647,0.000857878181298256
P0001788,0228394,8.57878181298256E-05
P0001788,0200321,0.000111524163568773
P0001788,0200371,0.00171575636259651
P0001788,P0002187,0.000857878181298256
P0001788,0108063,0.00128681727194738
P0001788,0214820,0.000857878181298256
P0001789,P0000517,0.0685954269715352
P0001789,P0001554,1.04999666688887
P0001789,1611508,0.0625291647223518
P0001790,P0002976,1.01997323175126
P0001790,1611503,0.0624935653248224
P0001790,1716359,1.00499330793782
P0001790,P0000271,1.00499330793782
P0001790,P0000517,0.158910738185936
P0001790,P0001591,1.02995984762689
P0001790,P0001603,1.03495315556471
P0001791,P0001627,0.000513962652047285
P0001791,1617532,0.00999371823425275
P0001791,0225047,0.0155347686216283
P0001791,0209664,0.00118782479584261
P0001791,0202647,0.000197970799307102
P0001791,0228394,1.97970799307102E-05
P0001791,0200321,2.57362039099233E-05
P0001791,0200371,0.000395941598614204
P0001791,0213500,0.00197970799307102
P0001791,0214243,0.000257362039099233
P0001791,0214820,0.000197970799307102
P0001792,0225047,0.0693080137242246
P0001792,0209664,0.00529945306926657
P0001792,0202647,0.000883242178211095
P0001792,0228394,8.83242178211095E-05
P0001792,0200321,0.000114821483167442
P0001792,0200371,0.00176648435642219
P0001792,0213500,0.00883242178211095
P0001792,0214243,0.00114821483167442
P0001792,0214820,0.000883242178211095
P0001792,P0001370,0.000883242178211095
P0001792,P0001615,1.00998743078439
P0001792,1614528,0.0280599245847063
P0001793,P0001559,1.05
P0001793,1611508,0.0625107112253642
P0001793,P0001035,0.066805912596401
P0001794,P0001035,0.154733551652277
P0001794,1716349,1.00496179418478
P0001794,P0001604,1.03498064900268
P0001794,P0001592,1.02996923687605
P0001794,P0000271,1.00496179418478
P0001794,P0002976,1.01999603056465
P0001794,1611503,0.0625186067281929
P0001795,P0001035,0.00594298847420417
P0001795,P0001577,0.00136068422978412
P0001795,1611661,0.00999931394072448
P0001796,P0002976,1.01999491654664
P0001796,1611505,0.0625264763195798
P0001796,1716350,1.00499872913666
P0001796,P0000763,1.00499872913666
P0001796,P0001035,0.264212488350419
P0001796,P0001593,1.02999237481996
P0001796,P0001605,1.03499110395662
P0001797,P0001035,0.441588785046729
P0001797,P0001877,1.00509770603229
P0001797,P0001326,1.00509770603229
P0001797,P0001316,0.083404134806004
P0001804,P0001629,0.000520110957004161
P0001804,1617532,0.00999768839574665
P0001804,0225047,0.0162180709662506
P0001804,0138041,0.000281726768377254
P0001804,0209664,0.00112690707350902
P0001804,0214337,0.00036624479889043
P0001804,0214820,0.000187817845584836
P0001804,0221316,0.000187817845584836
P0001804,0202647,0.000375635691169672
P0001804,0228389,3.75635691169672E-05
P0001805,P0001619,1.01000382660034
P0001805,P0001370,0.000874651506040562
P0001805,1614528,0.0280435139124255
P0001805,0225047,0.0736380036079375
P0001805,0138041,0.00127917782758432
P0001805,0209664,0.00511671131033729
P0001805,0214337,0.00166293117585962
P0001805,0214820,0.000852785218389548
P0001805,0221316,0.000852785218389548
P0001805,0202647,0.0017055704367791
P0001805,0228389,0.00017055704367791
P0001806,P0001036,0.00595876158648086
P0001806,P0001638,0.00135856324771137
P0001806,1611661,0.00999719115615452
P0001807,P0002976,1.01985370950888
P0001807,1611503,0.0625466487535453
P0001807,1716351,1.00492610837438
P0001807,P0000271,1.00492610837438
P0001807,P0001036,0.155172413793103
P0001807,P0001600,1.029855202269
P0001807,P0001610,1.03493058665472
P0001827,P0001848,0.00927363237340756
P0001827,P0001582,0.00166827249045427
P0001827,1611661,0.0100007136994612
P0001828,P0001848,0.158171028606208
P0001828,1716353,1.00502130249544
P0001828,P0001743,1.00502130249544
P0001828,P0001608,1.03499695678637
P0001828,P0001598,1.03002637451816
P0001828,1014693,1.02003448975451
P0001828,1611681,0.0624873199431933
P0001829,P0001070,0.009181240063593
P0001829,P0001581,0.00166931637519873
P0001829,1611661,0.00999823352764529
P0001830,P0001070,0.156527631380816
P0001830,1716351,1.00496913115495
P0001830,P0001743,1.03493449781659
P0001830,1014693,1.02002710435175
P0001830,P0001607,1.03493449781659
P0001830,P0001596,1.02996536666165
P0001830,1611681,0.062490588766752
P0001831,P0001048,0.00381149806522941
P0001831,P0002166,0.00135986733001658
P0001831,1611661,0.00999815736134144
P0001832,P0001048,0.04137
P0001832,P0002165,1.05002901166914
P0001832,P0002167,1.00502868931726
P0001832,1617532,0.0624717942105602
P0001833,P0001048,0.12460843373494
P0001833,P0002168,1.05006418485237
P0001833,P0000215,0.0625160462130937
P0001834,P0001579,0.00136109017357967
P0001834,1611661,0.00999940350629843
P0001834,P0001061,0.00563686547982496
P0001835,P0001061,0.102588638195004
P0001835,P0001561,1.04995970991136
P0001835,P0001617,1.00493553585818
P0001835,P0002016,0.0624496373892023
P0001847,P0001060,0.212533224289511
P0001847,P0001631,1.00511142915559
P0001847,1036104,1.00511142915559
P0001847,1617534,0.0625638928644449
P0001848,0123077,0.001
P0001848,0200371,0.02
P0001848,0206253,0.0003
P0001848,0207117,0.02
P0001848,0209458,0.003
P0001848,0209627,0.04
P0001848,0213012,0.0005
P0001848,0214296,0.0015
P0001848,0219439,0.01
P0001848,0220921,0.002
P0001848,0223043,0.006
P0001848,0226307,0.07
P0001848,0226342,0.01
P0001848,0227565,0.004
P0001848,0227597,0.02
P0001848,0228086,0.03
P0001848,0228389,0.005
P0001848,0228394,0.001
P0001848,0108116,0.03
P0001848,0235021,0.0009
P0001848,0236164,0.03
P0001848,0237349,0.33
P0001848,P0000858,0.01
P0001871,0207291,0.005
P0001871,0237349,0.2
P0001871,0209627,0.04
P0001871,0217511,0.08
P0001871,0219552,0.01
P0001871,0217509,0.02
P0001871,0215135,0.005
P0001871,0214276,0.0005
P0001871,0217507,0.01
P0001871,0235823,0.02
P0001871,0228368,0.02
P0001871,0209458,0.05
P0001871,0200360,0.0006
P0001872,0226402,0.005
P0001872,0226405,0.003
P0001872,0108077,0.05
P0001872,0108037,0.025
P0001872,0240703,0.055
P0001872,0108022,0.06
P0001872,0226407,0.06
P0001872,0226406,0.01
P0001872,0226408,0.005
P0001872,0108009,0.05
P0001872,0226409,0.005
P0001872,0226401,0.003
P0001872,0226400,0.003
P0001872,0226404,0.0007
P0001872,0108051,0.005
P0001878,0226402,0.005
P0001878,0226405,0.003
P0001878,0108077,0.05
P0001878,0108037,0.025
P0001878,0240703,0.055
P0001878,0108022,0.06
P0001878,0226407,0.06
P0001878,0226406,0.01
P0001878,0226408,0.005
P0001878,0108009,0.05
P0001878,0226409,0.005
P0001878,0226401,0.003
P0001878,0226400,0.003
P0001878,0226404,0.0007
P0001878,0108051,0.005
P0001878,0108060,0.002
P0001914,P0001913,1.05001082485386
P0001914,P0000837,0.222775492530851
P0001914,P0001317,0.062567655336653
P0001915,P0001912,1.05002730748225
P0001915,P0000837,0.112397596941562
P0001915,P0002352,0.0624795193883124
P0001950,7010535,0.00308636363636364
P0001950,P0001589,0.00135979310395933
P0001950,1611661,0.0100002223094993
P0001951,7010534,0.00308636363636364
P0001951,P0001590,0.00135744890607819
P0001951,1611661,0.00999886247298373
P0002084,0237361,0.0882852919438285
P0002084,0237371,0.000184774575018477
P0002084,0237367,1.84774575018477E-05
P0002084,0108085,3.69549150036955E-05
P0002084,0240703,0.00090539541759054
P0002084,P0000459,0.000923872875092387
P0002084,0226409,9.23872875092387E-05
P0002084,P0000550,0.000923872875092387
P0002084,0237360,9.23872875092387E-05
P0002084,P0000570,0.000923872875092387
P0002084,P0000927,1.01003061978672
P0002084,P0001039,1
P0002084,P0000313,0.0841516207369866
P0002084,P0001370,0.00084468377151304
P0002115,P0001924,1.0049864498645
P0002115,P0001923,1.049972899729
P0002115,P0002016,0.0625474254742547
P0002115,P0001728,0.111544715447154
P0002116,P0001922,1.00499535315985
P0002116,P0001921,1.04995353159851
P0002116,P0002016,0.0874767657992565
P0002116,P0000834,0.119539962825279
P0002132,0108058,0.001
P0002132,P0002050,0.0025
P0002132,0108035,0.001
P0002132,0100301,0.01
P0002132,0108057,0.04
P0002132,P0000443,0.02
P0002132,0226358,0.04
P0002132,0237386,0.14
P0002132,0226364,0.004
P0002132,0108141,0.005
P0002132,0108042,0.02
P0002132,0237388,0.05
P0002132,0226362,0.05
P0002132,0226359,0.08
P0002132,0226365,0.05
P0002132,0226367,0.01
P0002132,P0002051,0.01
P0002132,0108008,0.0018
P0002132,P0002052,0.01
P0002132,0108029,0.002
P0002132,P0000598,0.001
P0002132,0108015,0.001
P0002132,P0000600,0.05
P0002132,0108032,0.03
P0002132,P0002171,0.004
P0002132,P0001013,0.05
P0002132,P0002145,1
P0002132,0108058,0.001
P0002132,P0002050,0.0025
P0002132,0108035,0.001
P0002132,0100301,0.01
P0002132,0108057,0.04
P0002132,P0000443,0.02
P0002132,0226358,0.04
P0002132,0237386,0.14
P0002132,0226364,0.004
P0002132,0108141,0.005
P0002132,0108042,0.02
P0002132,0237388,0.05
P0002132,0226362,0.05
P0002132,0226359,0.08
P0002132,0226365,0.05
P0002132,0226367,0.01
P0002132,P0002051,0.01
P0002132,0108008,0.0018
P0002132,P0002052,0.01
P0002132,0108029,0.002
P0002132,P0000598,0.001
P0002132,0108015,0.001
P0002132,P0000600,0.05
P0002132,0108032,0.03
P0002132,P0002171,0.004
P0002132,P0001013,0.05
P0002133,0108058,0.002
P0002133,P0002049,0.001
P0002133,0108057,0.04
P0002133,P0000443,0.02
P0002133,0226358,0.04
P0002133,0237386,0.14
P0002133,0237387,0.005
P0002133,0226364,0.004
P0002133,0108141,0.02
P0002133,0108042,0.01
P0002133,0237388,0.08
P0002133,0226362,0.06
P0002133,0226359,0.09
P0002133,0226367,0.02
P0002133,0108008,0.0018
P0002133,P0000181,0.003
P0002133,P0000598,0.001
P0002133,0108029,0.002
P0002133,0108015,0.001
P0002133,P0000600,0.05
P0002133,0108032,0.03
P0002133,0226404,0.0005
P0002133,0108092,0.04
P0002133,P0001013,0.05
P0002133,P0002146,1
P0002133,0108058,0.002
P0002133,P0002049,0.001
P0002133,0108057,0.04
P0002133,P0000443,0.02
P0002133,0226358,0.04
P0002133,0237386,0.14
P0002133,0237387,0.005
P0002133,0226364,0.004
P0002133,0108141,0.02
P0002133,0108042,0.01
P0002133,0237388,0.08
P0002133,0226362,0.06
P0002133,0226359,0.09
P0002133,0226367,0.02
P0002133,0108008,0.0018
P0002133,P0000181,0.003
P0002133,P0000598,0.001
P0002133,0108029,0.002
P0002133,0108015,0.001
P0002133,P0000600,0.05
P0002133,0108032,0.03
P0002133,0226404,0.0005
P0002133,0108092,0.04
P0002133,P0001013,0.05
P0002202,0237361,0.0189182768451061
P0002202,0237371,3.95945517896737E-05
P0002202,0237367,3.95945517896737E-06
P0002202,0108085,7.91891035793475E-06
P0002202,0240703,0.000194013303769401
P0002202,P0000459,0.000197972758948369
P0002202,0226409,1.97972758948369E-05
P0002202,P0000550,0.000197972758948369
P0002202,0237360,1.97972758948369E-05
P0002202,P0000570,0.000197972758948369
P0002202,P0000926,0.00052792735719565
P0002202,P0000955,0.00997782705099778
P0002383,0237388,0.08
P0002383,0226362,0.06
P0002383,0226359,0.09
P0002383,0226358,0.03
P0002383,0108057,0.03
P0002383,P0000443,0.02
P0002383,0108141,0.02
P0002383,0108042,0.01
P0002383,0108035,0.005
P0002383,0226364,0.004
P0002383,0108008,0.002
P0002383,0237387,0.005
P0002383,0226367,0.02
P0002383,0226409,0.005
P0002383,P0000598,0.001
P0002383,0108015,0.001
P0002383,0226368,0.01
P0002383,0108029,0.002
P0002383,P0000181,0.003
P0002383,0108092,0.04
P0002383,0226404,0.001
P0002383,0200371,0.005
P0002383,0108032,0.03
P0002383,P0000600,0.05
P0002383,0237386,0.08
P0002383,P0002402,1
P0002383,0237388,0.08
P0002383,0226362,0.06
P0002383,0226359,0.09
P0002383,0226358,0.03
P0002383,0108057,0.03
P0002383,P0000443,0.02
P0002383,0108141,0.02
P0002383,0108042,0.01
P0002383,0108035,0.005
P0002383,0226364,0.004
P0002383,0108008,0.002
P0002383,0237387,0.005
P0002383,0226367,0.02
P0002383,0226409,0.005
P0002383,P0000598,0.001
P0002383,0108015,0.001
P0002383,0226368,0.01
P0002383,0108029,0.002
P0002383,P0000181,0.003
P0002383,0108092,0.04
P0002383,0226404,0.001
P0002383,0200371,0.005
P0002383,0108032,0.03
P0002383,P0000600,0.05
P0002383,0237386,0.08
P0002384,0237388,0.08
P0002384,0226362,0.06
P0002384,0226359,0.09
P0002384,0226358,0.04
P0002384,0108057,0.04
P0002384,P0000443,0.02
P0002384,0108141,0.02
P0002384,0108042,0.01
P0002384,0108035,0.005
P0002384,0226364,0.004
P0002384,0108008,0.002
P0002384,0237387,0.005
P0002384,0226367,0.02
P0002384,0226409,0.005
P0002384,P0000598,0.001
P0002384,0108015,0.001
P0002384,0226368,0.01
P0002384,0108029,0.002
P0002384,P0000181,0.003
P0002384,0108092,0.04
P0002384,0226404,0.001
P0002384,0200371,0.005
P0002384,0108032,0.03
P0002384,P0000600,0.05
P0002384,0237386,0.14
P0002384,P0002403,1
P0002384,0237388,0.08
P0002384,0226362,0.06
P0002384,0226359,0.09
P0002384,0226358,0.04
P0002384,0108057,0.04
P0002384,P0000443,0.02
P0002384,0108141,0.02
P0002384,0108042,0.01
P0002384,0108035,0.005
P0002384,0226364,0.004
P0002384,0108008,0.002
P0002384,0237387,0.005
P0002384,0226367,0.02
P0002384,0226409,0.005
P0002384,P0000598,0.001
P0002384,0108015,0.001
P0002384,0226368,0.01
P0002384,0108029,0.002
P0002384,P0000181,0.003
P0002384,0108092,0.04
P0002384,0226404,0.001
P0002384,0200371,0.005
P0002384,0108032,0.03
P0002384,P0000600,0.05
P0002384,0237386,0.14
P0002388,P0002976,1.01999491654664
P0002388,1611505,0.0625264763195798
P0002388,1716350,1.00499872913666
P0002388,P0000763,1.00499872913666
P0002388,P0001035,0.264212488350419
P0002388,P0002385,1.03499110395662
P0002388,P0002386,1.02999237481996
P0002405,0226402,0.005
P0002405,0108077,0.05
P0002405,0108037,0.025
P0002405,0226409,0.005
P0002405,0108008,0.002
P0002405,0226406,0.01
P0002405,0226408,0.005
P0002405,0240703,0.055
P0002405,0108022,0.06
P0002405,0226407,0.06
P0002405,0108009,0.05
P0002405,0226405,0.003
P0002405,0226404,0.00132
P0002405,0108060,0.002
P0002405,0108051,0.005
P0002406,0226402,0.005
P0002406,0108077,0.05
P0002406,0108037,0.025
P0002406,0226409,0.005
P0002406,0108008,0.002
P0002406,0226406,0.01
P0002406,0226408,0.005
P0002406,0240703,0.055
P0002406,0108022,0.06
P0002406,0226407,0.06
P0002406,0108009,0.05
P0002406,0226405,0.003
P0002406,0226404,0.00132
P0002406,0108051,0.005
P0002407,P0001884,0.00272999331430209
P0002407,P0001985,0.00198448493595526
P0002407,1611661,0.0100020163215927
P0002408,P0001885,0.00272999331430209
P0002408,P0001986,0.00198713799068247
P0002408,1611661,0.0100020163215927
P0002415,P0002329,0.00135816473248328
P0002415,1611661,0.0100003414380612
P0002415,P0002132,0.00382410628587471
P0002416,P0002327,1.05002498473155
P0002416,P0002328,1.00499694631059
P0002416,1405988,1
P0002416,P0000477,0.0833379601354728
P0002416,P0002132,0.0559657986785853
P0002417,0226409,0.009
P0002417,0213014,0.643
P0002417,P0002382,0.15
P0002417,P0002381,0.15
P0002417,P0002380,0.02
P0002417,P0002353,0.02
P0002417,P0002164,0.008
P0002417,0226409,0.009
P0002417,0213014,0.643
P0002417,P0002382,0.15
P0002417,P0002381,0.15
P0002417,P0002380,0.02
P0002417,P0002353,0.02
P0002417,P0002164,0.008
P0002418,P0002320,0.00167120158554201
P0002418,1611661,0.0100020155195002
P0002418,P0002405,0.00868562934596392
P0002419,P0002318,1.04999661269562
P0002419,P0000591,0.0625296389133528
P0002419,P0002405,0.210199173497731
P0002420,P0002322,1.00488997555012
P0002420,P0001929,1.00488997555012
P0002420,P0001316,0.0831295843520782
P0002420,P0002406,0.421454767726161
P0002421,P0002321,0.00167120158554201
P0002421,1611661,0.0100020155195002
P0002421,P0002406,0.00868562934596392
P0002422,P0002319,1.04999661269562
P0002422,P0000591,0.0625296389133528
P0002422,P0002406,0.210199173497731
P0002455,P0002444,0.00136083401375034
P0002455,1611661,0.0099991716662525
P0002455,P0002528,0.00596400298200149
P0002456,P0002450,1.04999553611285
P0002456,P0002447,1.00499955361128
P0002456,P0002010,0.0624944201410588
P0002456,P0002384,0.0449959825015624
P0002457,P0002445,0.00135816473248328
P0002457,1611661,0.0100003414380612
P0002457,P0002384,0.00382410628587471
P0002458,P0002451,1.04999553611285
P0002458,P0002448,1.00499955361128
P0002458,P0002010,0.0624944201410588
P0002458,P0002383,0.0449959825015624
P0002459,P0002446,0.00135816473248328
P0002459,1611661,0.0100003414380612
P0002459,P0002383,0.00382410628587471
P0002528,P0002834,0.01
P0002528,P0000457,0.002
P0002528,0108077,0.07
P0002528,0226402,0.007
P0002528,0108085,0.05
P0002528,P0002469,0.01
P0002528,0108141,0.05
P0002528,P0002465,0.02
P0002528,P0002835,0.15
P0002528,P0001128,0.02
P0002528,P0002472,0.001
P0002528,P0002468,0.002
P0002528,P0002466,0.1
P0002528,P0002464,0.002
P0002528,P0002471,0.01
P0002528,P0002470,0.02
P0002528,P0002462,0.0000036
P0002528,P0002461,0.0000024
P0002528,P0002460,0.000006
P0002528,P0002834,0.01
P0002528,P0000457,0.002
P0002528,0108077,0.07
P0002528,0226402,0.007
P0002528,0108085,0.05
P0002528,P0002469,0.01
P0002528,0108141,0.05
P0002528,P0002465,0.02
P0002528,P0002835,0.1875
P0002528,P0001128,0.02
P0002528,P0002472,0.001
P0002528,P0002468,0.002
P0002528,P0002466,0.125
P0002528,P0002464,0.002
P0002528,P0002471,0.01
P0002528,P0002470,0.02
P0002528,P0002462,0.0000036
P0002528,P0002461,0.0000024
P0002528,P0002460,0.000006
P0002528,P0002545,1
P0002752,0225047,0.0693080137242246
P0002752,P0001370,0.000883242178211095
P0002752,0209664,0.00529945306926657
P0002752,0202647,0.000883242178211095
P0002752,0228394,8.83242178211095E-05
P0002752,0200321,0.000114821483167442
P0002752,0200371,0.00176648435642219
P0002752,0213500,0.00883242178211095
P0002752,0214243,0.00114821483167442
P0002752,0214820,0.000883242178211095
P0002752,P0002990,1.00998743078439
P0002752,1614528,0.0280599245847063
P0002753,P0001387,0.158315565031983
P0002753,1716352,1.00497512437811
P0002753,P0001744,1.00497512437811
P0002753,P0002992,1.03497817037263
P0002753,P0002991,1.03497817037263
P0002753,1014693,1.02000203066301
P0002753,1611681,0.0624936541780891
P0003016,P0002861,1.05001074113856
P0003016,P0002862,1.0050268528464
P0003016,P0002885,1
P0003016,P0002010,0.0833512352309345
P0003016,P0000686,0.0437593984962406
P0003020,P0002858,1.05001074113856
P0003020,P0002859,1.0050268528464
P0003020,P0002885,1
P0003020,P0002010,0.0833512352309345
P0003020,P0000684,0.0437593984962406
